Workbook

Sheet __FDSCACHE__
B1: This sheet contains FactSet XML data for use with this workbook's =FDS codes. Modifying the worksheet's contents may damage the workbook's =FDS functionality.

Sheet CONFIG
A1: No. | B1: 한국어명 | C1: 영문명 | D1: FactSet Code | E1: MSCI 분류 | F1: Free Float Ratio (추정) | G1: MSCI 구성종목수 (추정) | H1: 대표지수 | I1: FactSet Ticker | J1: Bloomberg 참조
A2: 1 | B2: 미국 | C2: USA | D2: CC_US | E2: DM | F2: 0.93 | G2: 583 | H2: S&P 500 | I2: SP50 | J2: SPX
A3: 2 | B3: 일본 | C3: Japan | D3: CC_JP | E3: DM | F3: 0.72 | G3: 203 | H3: TOPIX | I3: 100000018-TK | J3: TPX
A4: 3 | B4: 영국 | C4: UK | D4: CC_GB | E4: DM | F4: 0.88 | G4: 78 | H4: FTSE 100 | I4: 990100-GB | J4: UKX
A5: 4 | B5: 프랑스 | C5: France | D5: CC_FR | E5: DM | F5: 0.82 | G5: 62 | H5: CAC 40 | I5: 990100-FR | J5: CAC
A6: 5 | B6: 캐나다 | C6: Canada | D6: CC_CA | E6: DM | F6: 0.87 | G6: 85 | H6: S&P/TSX Composite | I6: SP60-CA | J6: SPTSX
A7: 6 | B7: 스위스 | C7: Switzerland | D7: CC_CH | E7: DM | F7: 0.85 | G7: 42 | H7: SMI | I7: 990100-CH | J7: SMI
A8: 7 | B8: 독일 | C8: Germany | D8: CC_DE | E8: DM | F8: 0.8 | G8: 55 | H8: DAX | I8: DAX-FF | J8: DAX
A9: 8 | B9: 호주 | C9: Australia | D9: CC_AU | E9: DM | F9: 0.85 | G9: 56 | H9: S&P/ASX 200 | I9: 990100-AU | J9: AS51
A10: 9 | B10: 네덜란드 | C10: Netherlands | D10: CC_NL | E10: DM | F10: 0.88 | G10: 23 | H10: AEX | I10: 990100-NL | J10: AEX
A11: 10 | B11: 스웨덴 | C11: Sweden | D11: CC_SE | E11: DM | F11: 0.82 | G11: 40 | H11: OMX Stockholm 30 | I11: 990100-SE | J11: OMX
A12: 11 | B12: 덴마크 | C12: Denmark | D12: CC_DK | E12: DM | F12: 0.78 | G12: 16 | H12: OMX Copenhagen 20 | I12: 990100-DK | J12: KFX
A13: 12 | B13: 스페인 | C13: Spain | D13: CC_ES | E13: DM | F13: 0.75 | G13: 20 | H13: IBEX 35 | I13: 990100-ES | J13: IBEX
... A48: 47 | B48: 페루 | C48: Peru | D48: CC_PE | E48: EM | F48: 0.5 | G48: 3 | H48: S&P/BVL Peru | I48: 990100-PE | J48: IGBVL
A50: 참고사항
A51: 1. Free Float Ratio는 MSCI 방법론 기준 추정치입니다. 실제 MSCI 데이터 구독시 정확한 값으로 교체하세요.
A52: 2. 구성종목수는 2024년말 기준 대략적인 추정치입니다.
A53: 3. FactSet에서 FDS_ECON_STMK_FFMC_USD_M 가 지원된다면 FREE_FLOAT_MC 시트 대신 직접 사용 권장
A54: 4. 유동시가총액 = 국가 전체 시총 × MSCI Coverage(~85%) × Free Float Ratio

Sheet GDP
A1: GDP | B1: 미국 | C1: 일본 | D1: 영국 | E1: 프랑스 | F1: 캐나다 | G1: 스위스 | H1: 독일 | I1: 호주 | J1: 네덜란드 | K1: 스웨덴 | L1: 덴마크 | M1: 스페인 | N1: 이탈리아 | O1: 홍콩 | P1: 싱가포르 | Q1: 벨기에 | R1: 핀란드 | S1: 이스라엘 | T1: 노르웨이 | U1: 아일랜드 | V1: 뉴질랜드 | W1: 오스트리아 | X1: 포르투갈 | Y1: 중국 | Z1: 인도 | AA1: 대만 | AB1: 한국 | AC1: 브라질 | AD1: 사우디아라비아 | AE1: 남아프리카공화국 | AF1: 멕시코 | AG1: 인도네시아 | AH1: 말레이시아 | AI1: 아랍에미리트 | AJ1: 태국 | AK1: 쿠웨이트 | AL1: 카타르 | AM1: 폴란드 | AN1: 칠레 | AO1: 튀르키예 | AP1: 그리스 | AQ1: 필리핀 | AR1: 헝가리 | AS1: 이집트 | AT1: 체코 | AU1: 콜롬비아 | AV1: 페루
A2: USD Millions | B2: USA | C2: Japan | D2: UK | E2: France | F2: Canada | G2: Switzerland | H2: Germany | I2: Australia | J2: Netherlands | K2: Sweden | L2: Denmark | M2: Spain | N2: Italy | O2: Hong Kong | P2: Singapore | Q2: Belgium | R2: Finland | S2: Israel | T2: Norway | U2: Ireland | V2: New Zealand | W2: Austria | X2: Portugal | Y2: China | Z2: India | AA2: Taiwan | AB2: Korea | AC2: Brazil | AD2: Saudi Arabia | AE2: South Africa | AF2: Mexico | AG2: Indonesia | AH2: Malaysia | AI2: UAE | AJ2: Thailand | AK2: Kuwait | AL2: Qatar | AM2: Poland | AN2: Chile | AO2: Turkey | AP2: Greece | AQ2: Philippines | AR2: Hungary | AS2: Egypt | AT2: Czech Republic | AU2: Colombia | AV2: Peru
A3: =_xll.FDS("CC_US","FG_COMPANY_NAME()") -> #NAME? | B3: CC_US | C3: CC_JP | D3: CC_GB | E3: CC_FR | F3: CC_CA | G3: CC_CH | H3: CC_DE | I3: CC_AU | J3: CC_NL | K3: CC_SE | L3: CC_DK | M3: CC_ES | N3: CC_IT | O3: CC_HK | P3: CC_SG | Q3: CC_BE | R3: CC_FI | S3: CC_IL | T3: CC_NO | U3: CC_IE | V3: CC_NZ | W3: CC_AT | X3: CC_PT | Y3: CC_CN | Z3: CC_IN | AA3: CC_TW | AB3: CC_KR | AC3: CC_BR | AD3: CC_SA | AE3: CC_ZA | AF3: CC_MX | AG3: CC_ID | AH3: CC_MY | AI3: CC_AE | AJ3: CC_TH | AK3: CC_KW | AL3: CC_QA | AM3: CC_PL | AN3: CC_CL | AO3: CC_TR | AP3: CC_GR | AQ3: CC_PH | AR3: CC_HU | AS3: CC_EG | AT3: CC_CZ | AU3: CC_CO | AV3: CC_PE
A4: 46022 | B4: {=_xll.FDS(B3,"FDS_ECON_GDP_USD_Q(3/9/2026,1/1/2000)")} -> #NAME? | C4: {=_xll.FDS(C3,"FDS_ECON_GDP_USD_Q(3/9/2026,1/1/2000)")} -> #NAME? | D4: {=_xll.FDS(D3,"FDS_ECON_GDP_USD_Q(3/9/2026,1/1/2000)")} -> #NAME? | E4: {=_xll.FDS(E3,"FDS_ECON_GDP_USD_Q(3/9/2026,1/1/2000)")} -> #NAME? | F4: {=_xll.FDS(F3,"FDS_ECON_GDP_USD_Q(3/9/2026,1/1/2000)")} -> #NAME? | G4: {=_xll.FDS(G3,"FDS_ECON_GDP_USD_Q(3/9/2026,1/1/2000)")} -> #NAME? | H4: {=_xll.FDS(H3,"FDS_ECON_GDP_USD_Q(3/9/2026,1/1/2000)")} -> #NAME? | I4: {=_xll.FDS(I3,"FDS_ECON_GDP_USD_Q(3/9/2026,1/1/2000)")} -> #NAME? | ... AV4: {=_xll.FDS(AV3,"FDS_ECON_GDP_USD_Q(3/9/2026,1/1/2000)")} -> #NAME?
A5: {=_xll.FDS("CC_US","JULIAN(P_DATE(3/9/2026,1/1/2000,CQ).dates)")} -> #NAME? | B5: #NAME? | C5: #NAME? | D5: #NAME? | E5: #NAME? | F5: #NAME? | G5: #NAME? | H5: #NAME? | I5: #NAME? | J5: #NAME? | K5: #NAME? | L5: #NAME? | M5: #NAME? | N5: #NAME? | O5: #NAME? | P5: #NAME? | Q5: #NAME? | R5: #NAME? | S5: #NAME? | T5: #NAME? | U5: #NAME? | V5: #NAME? | W5: #NAME? | X5: #NAME? | Y5: #NAME? | Z5: #NAME? | AA5: #NAME? | AB5: #NAME? | AC5: #NAME? | AD5: #NAME? | AE5: #NAME? | AF5: #NAME? | AG5: #NAME? | AH5: #NAME? | AI5: #NAME? | AJ5: #NAME? | AK5: #NAME? | AL5: #NAME? | AM5: #NAME? | AN5: #NAME? | AO5: #NAME? | AP5: #NAME? | AQ5: #NAME? | AR5: #NAME? | AS5: #NAME? | AT5: #NAME? | AU5: #NAME? | AV5: #NAME?
A6: #NAME? | B6: #NAME? | C6: #NAME? | D6: #NAME? | E6: #NAME? | F6: #NAME? | G6: #NAME? | H6: #NAME? | I6: #NAME? | J6: #NAME? | K6: #NAME? | L6: #NAME? | M6: #NAME? | N6: #NAME? | O6: #NAME? | P6: #NAME? | Q6: #NAME? | R6: #NAME? | S6: #NAME? | T6: #NAME? | U6: #NAME? | V6: #NAME? | W6: #NAME? | X6: #NAME? | Y6: #NAME? | Z6: #NAME? | AA6: #NAME? | AB6: #NAME? | AC6: #NAME? | AD6: #NAME? | AE6: #NAME? | AF6: #NAME? | AG6: #NAME? | AH6: #NAME? | AI6: #NAME? | AJ6: #NAME? | AK6: #NAME? | AL6: #NAME? | AM6: #NAME? | AN6: #NAME? | AO6: #NAME? | AP6: #NAME? | AQ6: #NAME? | AR6: #NAME? | AS6: #NAME? | AT6: #NAME? | AU6: #NAME? | AV6: #NAME?
A7: #NAME? | B7: #NAME? | C7: #NAME? | D7: #NAME? | E7: #NAME? | F7: #NAME? | G7: #NAME? | H7: #NAME? | I7: #NAME? | J7: #NAME? | K7: #NAME? | L7: #NAME? | M7: #NAME? | N7: #NAME? | O7: #NAME? | P7: #NAME? | Q7: #NAME? | R7: #NAME? | S7: #NAME? | T7: #NAME? | U7: #NAME? | V7: #NAME? | W7: #NAME? | X7: #NAME? | Y7: #NAME? | Z7: #NAME? | AA7: #NAME? | AB7: #NAME? | AC7: #NAME? | AD7: #NAME? | AE7: #NAME? | AF7: #NAME? | AG7: #NAME? | AH7: #NAME? | AI7: #NAME? | AJ7: #NAME? | AK7: #NAME? | AL7: #NAME? | AM7: #NAME? | AN7: #NAME? | AO7: #NAME? | AP7: #NAME? | AQ7: #NAME? | AR7: #NAME? | AS7: #NAME? | AT7: #NAME? | AU7: #NAME? | AV7: #NAME?
A8: #NAME? | B8: #NAME? | C8: #NAME? | D8: #NAME? | E8: #NAME? | F8: #NAME? | G8: #NAME? | H8: #NAME? | I8: #NAME? | J8: #NAME? | K8: #NAME? | L8: #NAME? | M8: #NAME? | N8: #NAME? | O8: #NAME? | P8: #NAME? | Q8: #NAME? | R8: #NAME? | S8: #NAME? | T8: #NAME? | U8: #NAME? | V8: #NAME? | W8: #NAME? | X8: #NAME? | Y8: #NAME? | Z8: #NAME? | AA8: #NAME? | AB8: #NAME? | AC8: #NAME? | AD8: #NAME? | AE8: #NAME? | AF8: #NAME? | AG8: #NAME? | AH8: #NAME? | AI8: #NAME? | AJ8: #NAME? | AK8: #NAME? | AL8: #NAME? | AM8: #NAME? | AN8: #NAME? | AO8: #NAME? | AP8: #NAME? | AQ8: #NAME? | AR8: #NAME? | AS8: #NAME? | AT8: #NAME? | AU8: #NAME? | AV8: #NAME?
A9: #NAME? | B9: #NAME? | C9: #NAME? | D9: #NAME? | E9: #NAME? | F9: #NAME? | G9: #NAME? | H9: #NAME? | I9: #NAME? | J9: #NAME? | K9: #NAME? | L9: #NAME? | M9: #NAME? | N9: #NAME? | O9: #NAME? | P9: #NAME? | Q9: #NAME? | R9: #NAME? | S9: #NAME? | T9: #NAME? | U9: #NAME? | V9: #NAME? | W9: #NAME? | X9: #NAME? | Y9: #NAME? | Z9: #NAME? | AA9: #NAME? | AB9: #NAME? | AC9: #NAME? | AD9: #NAME? | AE9: #NAME? | AF9: #NAME? | AG9: #NAME? | AH9: #NAME? | AI9: #NAME? | AJ9: #NAME? | AK9: #NAME? | AL9: #NAME? | AM9: #NAME? | AN9: #NAME? | AO9: #NAME? | AP9: #NAME? | AQ9: #NAME? | AR9: #NAME? | AS9: #NAME? | AT9: #NAME? | AU9: #NAME? | AV9: #NAME?
A10: #NAME? | B10: #NAME? | C10: #NAME? | D10: #NAME? | E10: #NAME? | F10: #NAME? | G10: #NAME? | H10: #NAME? | I10: #NAME? | J10: #NAME? | K10: #NAME? | L10: #NAME? | M10: #NAME? | N10: #NAME? | O10: #NAME? | P10: #NAME? | Q10: #NAME? | R10: #NAME? | S10: #NAME? | T10: #NAME? | U10: #NAME? | V10: #NAME? | W10: #NAME? | X10: #NAME? | Y10: #NAME? | Z10: #NAME? | AA10: #NAME? | AB10: #NAME? | AC10: #NAME? | AD10: #NAME? | AE10: #NAME? | AF10: #NAME? | AG10: #NAME? | AH10: #NAME? | AI10: #NAME? | AJ10: #NAME? | AK10: #NAME? | AL10: #NAME? | AM10: #NAME? | AN10: #NAME? | AO10: #NAME? | AP10: #NAME? | AQ10: #NAME? | AR10: #NAME? | AS10: #NAME? | AT10: #NAME? | AU10: #NAME? | AV10: #NAME?
A11: #NAME? | B11: #NAME? | C11: #NAME? | D11: #NAME? | E11: #NAME? | F11: #NAME? | G11: #NAME? | H11: #NAME? | I11: #NAME? | J11: #NAME? | K11: #NAME? | L11: #NAME? | M11: #NAME? | N11: #NAME? | O11: #NAME? | P11: #NAME? | Q11: #NAME? | R11: #NAME? | S11: #NAME? | T11: #NAME? | U11: #NAME? | V11: #NAME? | W11: #NAME? | X11: #NAME? | Y11: #NAME? | Z11: #NAME? | AA11: #NAME? | AB11: #NAME? | AC11: #NAME? | AD11: #NAME? | AE11: #NAME? | AF11: #NAME? | AG11: #NAME? | AH11: #NAME? | AI11: #NAME? | AJ11: #NAME? | AK11: #NAME? | AL11: #NAME? | AM11: #NAME? | AN11: #NAME? | AO11: #NAME? | AP11: #NAME? | AQ11: #NAME? | AR11: #NAME? | AS11: #NAME? | AT11: #NAME? | AU11: #NAME? | AV11: #NAME?
A12: #NAME? | B12: #NAME? | C12: #NAME? | D12: #NAME? | E12: #NAME? | F12: #NAME? | G12: #NAME? | H12: #NAME? | I12: #NAME? | J12: #NAME? | K12: #NAME? | L12: #NAME? | M12: #NAME? | N12: #NAME? | O12: #NAME? | P12: #NAME? | Q12: #NAME? | R12: #NAME? | S12: #NAME? | T12: #NAME? | U12: #NAME? | V12: #NAME? | W12: #NAME? | X12: #NAME? | Y12: #NAME? | Z12: #NAME? | AA12: #NAME? | AB12: #NAME? | AC12: #NAME? | AD12: #NAME? | AE12: #NAME? | AF12: #NAME? | AG12: #NAME? | AH12: #NAME? | AI12: #NAME? | AJ12: #NAME? | AK12: #NAME? | AL12: #NAME? | AM12: #NAME? | AN12: #NAME? | AO12: #NAME? | AP12: #NAME? | AQ12: #NAME? | AR12: #NAME? | AS12: #NAME? | AT12: #NAME? | AU12: #NAME? | AV12: #NAME?
A13: #NAME? | B13: #NAME? | C13: #NAME? | D13: #NAME? | E13: #NAME? | F13: #NAME? | G13: #NAME? | H13: #NAME? | I13: #NAME? | J13: #NAME? | K13: #NAME? | L13: #NAME? | M13: #NAME? | N13: #NAME? | O13: #NAME? | P13: #NAME? | Q13: #NAME? | R13: #NAME? | S13: #NAME? | T13: #NAME? | U13: #NAME? | V13: #NAME? | W13: #NAME? | X13: #NAME? | Y13: #NAME? | Z13: #NAME? | AA13: #NAME? | AB13: #NAME? | AC13: #NAME? | AD13: #NAME? | AE13: #NAME? | AF13: #NAME? | AG13: #NAME? | AH13: #NAME? | AI13: #NAME? | AJ13: #NAME? | AK13: #NAME? | AL13: #NAME? | AM13: #NAME? | AN13: #NAME? | AO13: #NAME? | AP13: #NAME? | AQ13: #NAME? | AR13: #NAME? | AS13: #NAME? | AT13: #NAME? | AU13: #NAME? | AV13: #NAME?
A14: #NAME? | B14: #NAME? | C14: #NAME? | D14: #NAME? | E14: #NAME? | F14: #NAME? | G14: #NAME? | H14: #NAME? | I14: #NAME? | J14: #NAME? | K14: #NAME? | L14: #NAME? | M14: #NAME? | N14: #NAME? | O14: #NAME? | P14: #NAME? | Q14: #NAME? | R14: #NAME? | S14: #NAME? | T14: #NAME? | U14: #NAME? | V14: #NAME? | W14: #NAME? | X14: #NAME? | Y14: #NAME? | Z14: #NAME? | AA14: #NAME? | AB14: #NAME? | AC14: #NAME? | AD14: #NAME? | AE14: #NAME? | AF14: #NAME? | AG14: #NAME? | AH14: #NAME? | AI14: #NAME? | AJ14: #NAME? | AK14: #NAME? | AL14: #NAME? | AM14: #NAME? | AN14: #NAME? | AO14: #NAME? | AP14: #NAME? | AQ14: #NAME? | AR14: #NAME? | AS14: #NAME? | AT14: #NAME? | AU14: #NAME? | AV14: #NAME?
A15: #NAME? | B15: #NAME? | C15: #NAME? | D15: #NAME? | E15: #NAME? | F15: #NAME? | G15: #NAME? | H15: #NAME? | I15: #NAME? | J15: #NAME? | K15: #NAME? | L15: #NAME? | M15: #NAME? | N15: #NAME? | O15: #NAME? | P15: #NAME? | Q15: #NAME? | R15: #NAME? | S15: #NAME? | T15: #NAME? | U15: #NAME? | V15: #NAME? | W15: #NAME? | X15: #NAME? | Y15: #NAME? | Z15: #NAME? | AA15: #NAME? | AB15: #NAME? | AC15: #NAME? | AD15: #NAME? | AE15: #NAME? | AF15: #NAME? | AG15: #NAME? | AH15: #NAME? | AI15: #NAME? | AJ15: #NAME? | AK15: #NAME? | AL15: #NAME? | AM15: #NAME? | AN15: #NAME? | AO15: #NAME? | AP15: #NAME? | AQ15: #NAME? | AR15: #NAME? | AS15: #NAME? | AT15: #NAME? | AU15: #NAME? | AV15: #NAME?
A16: #NAME? | B16: #NAME? | C16: #NAME? | D16: #NAME? | E16: #NAME? | F16: #NAME? | G16: #NAME? | H16: #NAME? | I16: #NAME? | J16: #NAME? | K16: #NAME? | L16: #NAME? | M16: #NAME? | N16: #NAME? | O16: #NAME? | P16: #NAME? | Q16: #NAME? | R16: #NAME? | S16: #NAME? | T16: #NAME? | U16: #NAME? | V16: #NAME? | W16: #NAME? | X16: #NAME? | Y16: #NAME? | Z16: #NAME? | AA16: #NAME? | AB16: #NAME? | AC16: #NAME? | AD16: #NAME? | AE16: #NAME? | AF16: #NAME? | AG16: #NAME? | AH16: #NAME? | AI16: #NAME? | AJ16: #NAME? | AK16: #NAME? | AL16: #NAME? | AM16: #NAME? | AN16: #NAME? | AO16: #NAME? | AP16: #NAME? | AQ16: #NAME? | AR16: #NAME? | AS16: #NAME? | AT16: #NAME? | AU16: #NAME? | AV16: #NAME?
A17: #NAME? | B17: #NAME? | C17: #NAME? | D17: #NAME? | E17: #NAME? | F17: #NAME? | G17: #NAME? | H17: #NAME? | I17: #NAME? | J17: #NAME? | K17: #NAME? | L17: #NAME? | M17: #NAME? | N17: #NAME? | O17: #NAME? | P17: #NAME? | Q17: #NAME? | R17: #NAME? | S17: #NAME? | T17: #NAME? | U17: #NAME? | V17: #NAME? | W17: #NAME? | X17: #NAME? | Y17: #NAME? | Z17: #NAME? | AA17: #NAME? | AB17: #NAME? | AC17: #NAME? | AD17: #NAME? | AE17: #NAME? | AF17: #NAME? | AG17: #NAME? | AH17: #NAME? | AI17: #NAME? | AJ17: #NAME? | AK17: #NAME? | AL17: #NAME? | AM17: #NAME? | AN17: #NAME? | AO17: #NAME? | AP17: #NAME? | AQ17: #NAME? | AR17: #NAME? | AS17: #NAME? | AT17: #NAME? | AU17: #NAME? | AV17: #NAME?
... A108: #NAME? | B108: #NAME? | C108: #NAME? | D108: #NAME? | E108: #NAME? | F108: #NAME? | G108: #NAME? | H108: #NAME? | I108: #NAME? | J108: #NAME? | K108: #NAME? | L108: #NAME? | M108: #NAME? | N108: #NAME? | O108: #NAME? | P108: #NAME? | Q108: #NAME? | R108: #NAME? | S108: #NAME? | T108: #NAME? | U108: #NAME? | V108: #NAME? | W108: #NAME? | X108: #NAME? | Y108: #NAME? | Z108: #NAME? | AA108: #NAME? | AB108: #NAME? | AC108: #NAME? | AD108: #NAME? | AE108: #NAME? | AF108: #NAME? | AG108: #NAME? | AH108: #NAME? | AI108: #NAME? | AJ108: #NAME? | AK108: #NAME? | AL108: #NAME? | AM108: #NAME? | AN108: #NAME? | AO108: #NAME? | AP108: #NAME? | AQ108: #NAME? | AR108: #NAME? | AS108: #NAME? | AT108: #NAME? | AU108: #NAME? | AV108: #NAME?

Sheet Sheet4
A1: GDP | B1: 미국 | C1: 일본 | D1: 영국 | E1: 프랑스 | F1: 캐나다 | G1: 스위스 | H1: 독일 | I1: 호주 | J1: 네덜란드 | K1: 스웨덴 | L1: 덴마크 | M1: 스페인 | N1: 이탈리아 | O1: 홍콩 | P1: 싱가포르 | Q1: 벨기에 | R1: 핀란드 | S1: 이스라엘 | T1: 노르웨이 | U1: 아일랜드 | V1: 뉴질랜드 | W1: 오스트리아 | X1: 포르투갈 | Y1: 중국 | Z1: 인도 | AA1: 대만 | AB1: 한국 | AC1: 브라질 | AD1: 사우디아라비아 | AE1: 남아프리카공화국 | AF1: 멕시코 | AG1: 인도네시아 | AH1: 말레이시아 | AI1: 아랍에미리트 | AJ1: 태국 | AK1: 쿠웨이트 | AL1: 카타르 | AM1: 폴란드 | AN1: 칠레 | AO1: 튀르키예 | AP1: 그리스 | AQ1: 필리핀 | AR1: 헝가리 | AS1: 이집트 | AT1: 체코 | AU1: 콜롬비아 | AV1: 페루
A2: USD Millions | B2: USA | C2: Japan | D2: UK | E2: France | F2: Canada | G2: Switzerland | H2: Germany | I2: Australia | J2: Netherlands | K2: Sweden | L2: Denmark | M2: Spain | N2: Italy | O2: Hong Kong | P2: Singapore | Q2: Belgium | R2: Finland | S2: Israel | T2: Norway | U2: Ireland | V2: New Zealand | W2: Austria | X2: Portugal | Y2: China | Z2: India | AA2: Taiwan | AB2: Korea | AC2: Brazil | AD2: Saudi Arabia | AE2: South Africa | AF2: Mexico | AG2: Indonesia | AH2: Malaysia | AI2: UAE | AJ2: Thailand | AK2: Kuwait | AL2: Qatar | AM2: Poland | AN2: Chile | AO2: Turkey | AP2: Greece | AQ2: Philippines | AR2: Hungary | AS2: Egypt | AT2: Czech Republic | AU2: Colombia | AV2: Peru
A3: United States | B3: CC_US | C3: CC_JP | D3: CC_GB | E3: CC_FR | F3: CC_CA | G3: CC_CH | H3: CC_DE | I3: CC_AU | J3: CC_NL | K3: CC_SE | L3: CC_DK | M3: CC_ES | N3: CC_IT | O3: CC_HK | P3: CC_SG | Q3: CC_BE | R3: CC_FI | S3: CC_IL | T3: CC_NO | U3: CC_IE | V3: CC_NZ | W3: CC_AT | X3: CC_PT | Y3: CC_CN | Z3: CC_IN | AA3: CC_TW | AB3: CC_KR | AC3: CC_BR | AD3: CC_SA | AE3: CC_ZA | AF3: CC_MX | AG3: CC_ID | AH3: CC_MY | AI3: CC_AE | AJ3: CC_TH | AK3: CC_KW | AL3: CC_QA | AM3: CC_PL | AN3: CC_CL | AO3: CC_TR | AP3: CC_GR | AQ3: CC_PH | AR3: CC_HU | AS3: CC_EG | AT3: CC_CZ | AU3: CC_CO | AV3: CC_PE
A4: 46022 | B4: 31442.482 | C4: 4359.741 | D4: 4089.4558 | E4: 3501.0361 | F4: 2351.545 | G4: 1080.9624 | H4: 5281.0107 | I4: 1920.7183 | J4: 1399.164 | K4: 743.11926 | L4: 483.81903 | M4: 2023.4791 | N4: 2810.1848 | O4: 453.64917 | P4: 630.1347 | Q4: #N/A | R4: 329.98547 | S4: 682.6327 | T4: 535.4186 | U4: 731.76306 | V4: 259.50345 | W4: 602.8467 | X4: 365.30655 | Y4: 21883.088 | Z4: 4081.845 | AA4: 998.70386 | AB4: 1908.2041 | AC4: 2429.9307 | AD4: 1290.7953 | AE4: 459.75726 | AF4: #N/A | AG4: 1476.7533 | AH4: 512.9805 | AI4: #N/A | AJ4: 596.82214 | AK4: #N/A | AL4: #N/A | AM4: #N/A | AN4: 375.76212 | AO4: 1684.7858 | AP4: 297.22238 | AQ4: 539.17395 | AR4: 294.9197 | AS4: #N/A | AT4: 419.48093 | AU4: 495.0757 | AV4: 389.5818
A5: 46022 | B5: 31442.482 | C5: 4359.741 | D5: 4089.4558 | E5: 3501.0361 | F5: 2351.545 | G5: 1080.9624 | H5: 5281.0107 | I5: 1920.7183 | J5: 1399.164 | K5: 743.11926 | L5: 483.81903 | M5: 2023.4791 | N5: 2810.1848 | O5: 453.64917 | P5: 630.1347 | Q5: #N/A | R5: 329.98547 | S5: 682.6327 | T5: 535.4186 | U5: 731.76306 | V5: 259.50345 | W5: 602.8467 | X5: 365.30655 | Y5: 21883.088 | Z5: 4081.845 | AA5: 998.70386 | AB5: 1908.2041 | AC5: 2429.9307 | AD5: 1290.7953 | AE5: 459.75726 | AF5: #N/A | AG5: 1476.7533 | AH5: 512.9805 | AI5: #N/A | AJ5: 596.82214 | AK5: #N/A | AL5: #N/A | AM5: #N/A | AN5: 375.76212 | AO5: 1684.7858 | AP5: 297.22238 | AQ5: 539.17395 | AR5: 294.9197 | AS5: #N/A | AT5: 419.48093 | AU5: 495.0757 | AV5: 389.5818
A6: 45930 | B6: 31098.027 | C6: 4512.742 | D6: 4119.1216 | E6: 3495.991 | F6: 2366.3938 | G6: 1079.9146 | H6: 5241.423 | I6: 1879.2029 | J6: 1387.581 | K6: 673.2325 | L6: 482.93262 | M6: 1973.805 | N6: 2636.0352 | O6: 438.67245 | P6: 621.295 | Q6: 752.4947 | R6: 328.1886 | S6: 642.60516 | T6: 543.96454 | U6: 741.38135 | V6: 264.66406 | W6: 603.9788 | X6: 363.02045 | Y6: 19788.908 | Z6: 3666.11 | AA6: 959.1781 | AB6: 1917.0343 | AC6: 2375.0889 | AD6: 1274.1874 | AE6: 437.54736 | AF6: 1893.8525 | AG6: 1481.3643 | AH6: 489.48608 | AI6: 577.4785 | AJ6: 582.7558 | AK6: 158.26462 | AL6: 216.34763 | AM6: 1065.227 | AN6: 355.7942 | AO6: 1619.8162 | AP6: 316.6572 | AQ6: 459.09833 | AR6: 266.22626 | AS6: 464.82156 | AT6: 410.6555 | AU6: 470.4702 | AV6: 349.6865
A7: 45838 | B7: 30485.7 | C7: 4608.899 | D7: 4043.2937 | E7: 3364.9875 | F7: 2319.7695 | G7: 1054.286 | H7: 5055.1313 | I7: 1807.0771 | J7: 1328.4016 | K7: 688.2791 | L7: 458.63684 | M7: 1890.3102 | N7: 2523.7585 | O7: 404.49237 | P7: 591.7965 | Q7: 725.21686 | R7: 316.4073 | S7: 566.4045 | T7: 536.9076 | U7: 735.3772 | V7: 261.34067 | W7: 579.376 | X7: 344.5481 | Y7: 18875.79 | Z7: 3754.4458 | AA7: 900.7978 | AB7: 1884.0167 | AC7: 2257.8472 | AD7: 1258.7874 | AE7: 412.7394 | AF7: 1802.8038 | AG7: 1442.6259 | AH7: 453.32022 | AI7: 580.84875 | AJ7: 571.9509 | AK7: 151.67088 | AL7: 211.9156 | AM7: 988.1642 | AN7: 357.3799 | AO7: 1562.4407 | AP7: 279.6163 | AQ7: 495.2262 | AR7: 245.83495 | AS7: 348.37955 | AT7: 386.38675 | AU7: 434.9545 | AV7: 325.18204
A8: 45747 | B8: 30042.113 | C8: 4280.2656 | D8: 3770.503 | E8: 3113.6472 | F8: 2246.7888 | G8: 969.34955 | H8: 4665.1377 | I8: 1757.1267 | J8: 1219.4886 | K8: 584.58435 | L8: 426.7342 | M8: 1736.113 | N8: 2249.866 | O8: 412.79147 | P8: 573.02423 | Q8: 668.87683 | R8: 293.769 | S8: 560.4293 | T8: 513.50366 | U8: 681.3145 | V8: 249.69441 | W8: 533.5989 | X8: 314.4536 | Y8: 17509.12 | Z8: 4005.148 | AA8: 828.7545 | AB8: 1783.4402 | AC8: 2070.6245 | AD8: 1282.264 | AE8: 402.0618 | AF8: 1705.3824 | AG8: 1386.1367 | AH8: 436.10458 | AI8: 547.30365 | AJ8: 557.1767 | AK8: 163.1674 | AL8: 220.44601 | AM8: 895.90643 | AN8: 341.16165 | AO8: 1491.7755 | AP8: 232.19594 | AQ8: 454.319 | AR8: 187.01425 | AS8: 360.9427 | AT8: 350.1392 | AU8: 432.85907 | AV8: 297.14874
A9: 45657 | B9: 29825.182 | C9: 4239.81 | D9: 3784.1672 | E9: 3140.2432 | F9: 2271.83 | G9: 983.24927 | H9: 4671.9595 | I9: 1800.7053 | J9: 1222.0419 | K9: 630.9273 | L9: 437.59875 | M9: 1740.5073 | N9: 2499.8823 | O9: 431.69376 | P9: 587.5796 | Q9: 669.1744 | R9: 296.54767 | S9: 571.9762 | T9: 495.03085 | U9: 652.2318 | V9: 255.61617 | W9: 532.39355 | X9: 315.99695 | Y9: 20784.79 | Z9: 3953.3982 | AA9: 815.62177 | AB9: 1861.878 | AC9: 2100.0972 | AD9: 1263.98 | AE9: 416.80377 | AF9: 1700.9628 | AG9: 1437.0416 | AH9: 456.49313 | AI9: 561.5801 | AJ9: 555.5909 | AK9: 159.6655 | AL9: 222.65852 | AM9: 1020.4271 | AN9: 333.95627 | AO9: 1450.574 | AP9: 260.84177 | AQ9: 521.51874 | AR9: 240.84402 | AS9: 369.30988 | AT9: 346.86652 | AU9: 411.5866 | AV9: 319.7422
A10: 45565 | B10: 29511.664 | C10: 4286.9307 | D10: 3792.271 | E10: 3232.9636 | F10: 2295.8362 | G10: 992.1268 | H10: 4763.4966 | I10: 1825.8219 | J10: 1239.4398 | K10: 593.4914 | L10: 433.94373 | M10: 1757.9589 | N10: 2407.5361 | O10: 420.564 | P10: 600.01587 | Q10: 685.2146 | R10: 304.6071 | S10: 550.2432 | T10: 502.98807 | U10: 626.5018 | V10: 261.0957 | W10: 544.0894 | X10: 320.49234 | Y10: 19056.424 | Z10: 3522.6978 | AA10: 803.0601 | AB10: 1872.021 | AC10: 2175.6323 | AD10: 1242.8812 | AE10: 409.86084 | AF10: 1791.2885 | AG10: 1429.5438 | AH10: 440.07294 | AI10: 557.5448 | AJ10: 540.761 | AK10: 156.92946 | AL10: 218.85841 | AM10: 937.114 | AN10: 337.1426 | AO10: 1384.8534 | AP10: 284.08032 | AQ10: 437.3991 | AR10: 236.55005 | AS10: 380.7095 | AT10: 353.52386 | AU10: 420.8222 | AV10: 302.8586
A11: 45471 | B11: 29147.045 | C11: 4057.6013 | D11: 3619.1963 | E11: 3122.363 | F11: 2257.4563 | G11: 942.1218 | H11: 4642.4316 | I11: 1786.9475 | J11: 1199.5505 | K11: 605.99286 | L11: 415.4229 | M11: 1701.0704 | N11: 2337.4978 | O11: 388.48615 | P11: 553.19415 | Q11: 664.92566 | R11: 296.15677 | S11: 521.3301 | T11: 508.15485 | U11: 591.0022 | V11: 257.65085 | W11: 529.814 | X11: 309.12497 | Y11: 18148.707 | Z11: 3552.3987 | AA11: 784.4234 | AB11: 1861.9634 | AC11: 2253.37 | AD11: 1265.4358 | AE11: 394.7313 | AF11: 1917.0107 | AG11: 1372.2476 | AH11: 401.1734 | AI11: 561.53827 | AJ11: 509.09204 | AK11: 163.99846 | AL11: 212.47116 | AM11: 872.2151 | AN11: 326.3752 | AO11: 1307.8347 | AP11: 252.4074 | AQ11: 449.4997 | AR11: 226.98843 | AS11: 296.47516 | AT11: 345.12292 | AU11: 432.49487 | AV11: 293.52625
A12: 45379 | B12: 28708.16 | C12: 4169.784 | D12: 3581.149 | E12: 3146.1675 | F12: 2251.3433 | G12: 963.3732 | H12: 4664.8955 | I12: 1777.4384 | J12: 1195.8839 | K12: 586.60864 | L12: 410.86935 | M12: 1699.1586 | N12: 2281.5015 | O12: 393.0436 | P12: 547.68524 | Q12: 664.74005 | R12: 296.97397 | S12: 524.3523 | T12: 498.66837 | U12: 565.2348 | V12: 259.26782 | W12: 530.55927 | X12: 308.30627 | Y12: 16945.504 | Z12: 3815.462 | AA12: 802.738 | AB12: 1906.5785 | AC12: 2233.0647 | AD12: 1241.1348 | AE12: 383.35782 | AF12: 1926.6307 | AG12: 1351.2284 | AH12: 394.65942 | AI12: 528.3847 | AJ12: 514.747 | AK12: 162.48763 | AL12: 214.0883 | AM12: 841.0628 | AN12: 321.44135 | AO12: 1273.5875 | AP12: 227.27155 | AQ12: 437.27795 | AR12: 185.54858 | AS12: 401.30612 | AT12: 342.11417 | AU12: 418.4901 | AV12: 265.43008
A13: 45289 | B13: 28424.723 | C13: 4214.699 | D13: 3425.3398 | E13: 3100.566 | F13: 2214.216 | G13: 943.9872 | H13: 4607.416 | I13: 1735.1733 | J13: 1169.9203 | K13: 609.61115 | L13: 399.74667 | M13: 1655.3578 | N13: 2450.8308 | O13: 406.13516 | P13: 516.692 | Q13: 653.3125 | R13: 291.97473 | S13: 499.8896 | T13: 495.89023 | U13: 559.4047 | V13: 250.66692 | W13: 517.68134 | X13: 296.54044 | Y13: 19763.338 | Z13: 3641.5044 | AA13: 773.91644 | AB13: 1867.2025 | AC13: 2312.124 | AD13: 1229.7394 | AE13: 383.03305 | AF13: 1858.1417 | AG13: 1357.69 | AH13: 404.59647 | AI13: 537.17664 | AJ13: 506.70148 | AK13: 170.07117 | AL13: 216.25162 | AM13: 920.43835 | AN13: 322.41858 | AO13: 1167.018 | AP13: 250.20224 | AQ13: 502.86328 | AR13: 238.76437 | AS13: 445.42493 | AT13: 341.32858 | AU13: 394.484 | AV13: 289.4406
A14: 45198 | B14: 28074.846 | C14: 4270.7544 | D14: 3507.6296 | E14: 3095.8079 | F14: 2234.9307 | G14: 943.8621 | H14: 4613.839 | I14: 1725.2345 | J14: 1170.4491 | K14: 553.4323 | L14: 401.82715 | M14: 1627.6049 | N14: 2329.7244 | O14: 391.4993 | P14: 510.92505 | Q14: 658.10443 | R14: 296.90967 | S14: 516.53406 | T14: 491.73602 | U14: 574.1271 | V14: 252.80087 | W14: 519.8539 | X14: 296.91797 | Y14: 18128.598 | Z14: 3279.1003 | AA14: 760.32715 | AB14: 1844.0819 | AC14: 2268.64 | AD14: 1219.2424 | AE14: 379.5424 | AF14: 1889.3992 | AG14: 1391.5588 | AH14: 399.85162 | AI14: 521.9527 | AJ14: 515.8568 | AK14: 168.00247 | AL14: 220.38464 | AM14: 824.12744 | AN14: 331.80038 | AO14: 1109.7312 | AP14: 266.48187 | AQ14: 411.50507 | AR14: 222.54208 | AS14: 434.5183 | AT14: 345.88687 | AU14: 392.19214 | AV14: 280.67575
A15: 45107 | B15: 27530.055 | C15: 4494.2715 | D15: 3452.7388 | E15: 3077.1697 | F15: 2185.2988 | G15: 924.7988 | H15: 4573.2046 | I15: 1738.4595 | J15: 1155.0935 | K15: 590.6682 | L15: 406.87134 | M15: 1609.9073 | N15: 2312.3528 | O15: 359.00385 | P15: 506.11096 | Q15: 653.31366 | R15: 299.63287 | S15: 510.9786 | T15: 488.08646 | U15: 577.956 | V15: 255.11334 | W15: 519.3394 | X15: 292.0392 | Y15: 18027.088 | Z15: 3262.889 | AA15: 753.0078 | AB15: 1814.0778 | AC15: 2202.9048 | AD15: 1201.7004 | AE15: 374.11676 | AF15: 1783.5681 | AG15: 1405.7805 | AH15: 390.01883 | AI15: 525.16 | AJ15: 518.3315 | AK15: 158.00418 | AL15: 211.91211 | AM15: 785.8805 | AN15: 347.4896 | AO15: 1144.3789 | AP15: 241.81229 | AQ15: 423.176 | AR15: 218.85732 | AS15: 337.29755 | AT15: 354.15033 | AU15: 357.1736 | AV15: 271.91818
A16: 45016 | B16: 27216.445 | C16: 4575.518 | D16: 3301.3013 | E16: 2966.0715 | F16: 2152.7744 | G16: 902.6108 | H16: 4458.6255 | I16: 1783.1566 | J16: 1121.6932 | K16: 561.62396 | L16: 409.5787 | M16: 1584.0345 | N16: 2173.4854 | O16: 366.58142 | P16: 508.37405 | Q16: 640.2857 | R16: 292.13464 | S16: 515.1 | T16: 532.5612 | U16: 559.83344 | V16: 254.25414 | W16: 512.22015 | X16: 283.67218 | Y16: 17088.55 | Z16: 3453.811 | AA16: 739.9096 | AB16: 1846.421 | AC16: 1987.7478 | AD16: 1221.4054 | AE16: 388.4821 | AF16: 1662.347 | AG16: 1332.605 | AH16: 405.2899 | AI16: 506.02383 | AJ16: 528.08716 | AK16: 165.23892 | AL16: 217.55556 | AM16: 726.4896 | AN16: 343.15552 | AO16: 1127.4135 | AP16: 213.45277 | AQ16: 409.68954 | AR16: 173.9751 | AS16: 343.52487 | AT16: 340.43402 | AU16: 330.66788 | AV16: 246.53966
A17: 44925 | B17: 26770.514 | C17: 4196.4063 | D17: 3134.3052 | E17: 2776.6956 | F17: 2129.4219 | G17: 861.44183 | H17: 4160.699 | I17: 1681.7623 | J17: 1049.386 | K17: 583.1911 | L17: 390.67993 | M17: 1463.8525 | N17: 2197.9863 | O17: 374.30606 | P17: 494.03864 | Q17: 593.66864 | R17: 276.10977 | S17: 536.87854 | T17: 553.3272 | U17: 550.6596 | V17: 240.84247 | W17: 469.30276 | X17: 259.5284 | Y17: 19244.05 | Z17: 3331.5972 | AA17: 729.03595 | AB17: 1713.8184 | AC17: 2010.6022 | AD17: 1230.8873 | AE17: 382.62476 | AF17: 1547.1647 | AG17: 1314.3779 | AH17: 408.76123 | AI17: 507.01965 | AJ17: 483.9829 | AK17: 175.64474 | AL17: 238.74341 | AM17: 761.94946 | AN17: 300.4463 | AO17: 1013.5051 | AP17: 219.83691 | AQ17: 450.28403 | AR17: 186.78902 | AS17: 435.89096 | AT17: 304.88504 | AU17: 316.20038 | AV17: 266.3189
... A60: 40998 | B60: 16068.805 | C60: 6451.128 | D60: 2681.9316 | E60: 2730.257 | F60: 1812.9747 | G60: 706.2339 | H60: 3646.3435 | I60: 1584.869 | J60: 859.67804 | K60: 525.7708 | L60: 329.81927 | M60: 1378.1055 | N60: 2045.7704 | O60: 249.30507 | P60: 290.2454 | Q60: 507.05344 | R60: 263.3103 | S60: 259.8221 | T60: 532.8709 | U60: 230.4588 | V60: 175.61081 | W60: 411.24734 | X60: 224.67122 | Y60: 7438.3003 | Z60: 1925.9927 | AA60: 485.08102 | AB60: 1322.4325 | AC60: 2556.2498 | AD60: 761.99475 | AE60: 448.71793 | AF60: 1252.0521 | AG60: 909.3928 | AH60: 307.19498 | AI60: 392.22504 | AJ60: 381.50125 | AK60: 183.10527 | AL60: 186.84892 | AM60: 460.11972 | AN60: 260.98126 | AO60: 843.5809 | AP60: 233.30891 | AQ60: 236.1134 | AR60: 114.41952 | AS60: 266.95706 | AT60: 215.4195 | AU60: 366.34033 | AV60: 176.75238
A61: 40907 | B61: 15842.259 | C61: 6532.799 | D61: 2648.9736 | E61: 2799.1697 | F61: 1772.1719 | G61: 708.0433 | H61: 3733.5627 | I61: 1516.9734 | J61: 884.48413 | K61: 573.37573 | L61: 336.87228 | M61: 1421.7771 | N61: 2356.853 | O61: 266.80466 | P61: 276.4165 | Q61: 515.0489 | R61: 268.59796 | S61: 265.17798 | T61: 510.85413 | U61: 231.17157 | V61: 166.75035 | W61: 415.64935 | X61: 232.9504 | Y61: 8681.187 | Z61: 1766.165 | AA61: 467.28552 | AB61: 1297.0817 | AC61: 2582.292 | AD61: 710.4399 | AE61: 424.15894 | AF61: 1173.3613 | AG61: 898.346 | AH61: 302.32477 | AI61: #N/A | AJ61: 344.80814 | AK61: 167.40175 | AL61: 175.45847 | AM61: 524.8379 | AN61: 245.28737 | AO61: 814.766 | AP61: 274.05948 | AQ61: 259.64877 | AR61: 141.02734 | AS61: 282.18146 | AT61: 219.9039 | AU61: 336.68756 | AV61: 182.65709
A62: 40816 | B62: 15647.68 | C62: 6499.361 | D62: 2691.0864 | E62: 2907.8364 | F62: 1820.881 | G62: 780.4058 | H62: 3892.384 | I62: 1566.6163 | J62: 927.76526 | K62: 558.395 | L62: 347.2204 | M62: 1505.221 | N62: 2327.0095 | O62: 254.29959 | P62: 289.42172 | Q62: 536.2781 | R62: 279.89896 | S62: 274.27933 | T62: 526.37634 | U62: 244.75288 | V62: 177.43274 | W62: 437.43115 | X62: 248.60745 | Y62: 7890.062 | Z62: 1770.6105 | AA62: 497.4194 | AB62: 1338.871 | AC62: 2717.8328 | AD62: 688.4408 | AE62: 470.65616 | AF62: 1248.5632 | AG62: 955.67645 | AH62: 306.34604 | AI62: #N/A | AJ62: 386.87234 | AK62: 155.3491 | AL62: 175.19373 | AM62: 509.6969 | AN62: 256.28766 | AO62: 829.3776 | AP62: 293.2549 | AQ62: 227.25945 | AR62: 149.34976 | AS62: 287.2574 | AT62: 237.51175 | AU62: 348.42706 | AV62: 174.8896
A63: 40724 | B63: 15557.539 | C63: 6061.006 | D63: 2699.5225 | E63: 2956.3838 | F63: 1817.6249 | G63: 745.13086 | H63: 3929.5776 | I63: 1559.0624 | J63: 943.4429 | K63: 607.64264 | L63: 357.569 | M63: 1548.4817 | N63: 2387.087 | O63: 234.82872 | P63: 279.58414 | Q63: 543.60754 | R63: 283.6517 | S63: 274.6693 | T63: 525.3199 | U63: 250.7577 | V63: 168.125 | W63: 441.35992 | X63: 254.771 | Y63: 7317.133 | Z63: 1827.4286 | AA63: 487.33783 | AB63: 1323.7566 | AC63: 2724.395 | AD63: 686.258 | AE63: 484.47064 | AF63: 1278.1935 | AG63: 897.9271 | AH63: 296.9077 | AI63: #N/A | AJ63: 376.15543 | AK63: 153.06311 | AL63: 168.16489 | AM63: 536.38806 | AN63: 256.5042 | AO63: 881.88983 | AP63: 298.40286 | AQ63: 235.4089 | AR63: 150.85541 | AS63: 234.90347 | AT63: 241.76381 | AU63: 339.97284 | AV63: 169.25674
A64: 40633 | B64: 15351.448 | C64: 6097.992 | D64: 2669.268 | E64: 2808.175 | F64: 1763.2274 | G64: 685.17303 | H64: 3718.2253 | I64: 1439.5059 | J64: 894.2515 | K64: 544.1897 | L64: 339.3682 | M64: 1474.0784 | N64: 2152.481 | O64: 238.05916 | P64: 272.87692 | Q64: 513.2504 | R64: 268.04712 | S64: 257.19302 | T64: 489.32092 | U64: 236.40585 | V64: 156.18759 | W64: 420.48343 | X64: 245.25957 | Y64: 6347.8174 | Z64: 1950.8646 | AA64: 489.3346 | AB64: 1270.8126 | AC64: 2440.278 | AD64: 637.31195 | AE64: 459.6551 | AF64: 1217.8231 | AG64: 824.6659 | AH64: 286.53427 | AI64: #N/A | AJ64: 375.76746 | AK64: 139.5486 | AL64: 152.04037 | AM64: 483.7201 | AN64: 250.28693 | AO64: 845.4319 | AP64: 267.3765 | AQ64: 214.82559 | AR64: 126.22894 | AS64: 215.20853 | AT64: 227.67339 | AU64: 315.63095 | AV64: 156.20465
A65: 40543 | B65: 15309.474 | C65: 6183.0503 | D65: 2582.4675 | E65: 2732.0537 | F65: 1680.2234 | G65: 660.36725 | H65: 3618.47 | I65: 1391.5703 | J65: 880.9256 | K65: 567.3831 | L65: 333.73065 | M65: 1469.0981 | N65: 2360.9978 | O65: 249.37897 | P65: 260.20078 | Q65: 501.40894 | R65: 263.0954 | S65: 248.31438 | T65: 463.32822 | U65: 227.55077 | V65: 155.51828 | W65: 406.03012 | X65: 245.33289 | Y65: 7169.774 | Z65: 1824.1432 | AA65: 465.13953 | AB65: 1250.4567 | AC65: 2492.2966 | AD65: 579.1395 | AE65: 455.95767 | AF65: 1158.801 | AG65: 789.6374 | AH65: 279.94327 | AI65: #N/A | AJ65: 366.5606 | AK65: 125.32595 | AL65: 137.4503 | AM65: 544.8645 | AN65: 247.14447 | AO65: 853.4278 | AP65: 309.9256 | AQ65: 240.7164 | AR65: 150.0424 | AS65: 236.85648 | AT65: 221.70981 | AU65: 302.39236 | AV65: 162.25322
A66: 40451 | B66: 15141.607 | C66: 6010.936 | D66: 2520.5508 | E66: 2593.8599 | F66: 1602.792 | G66: 618.17615 | H66: 3410.0251 | I66: 1252.2802 | J66: 834.5309 | K66: 477.77274 | L66: 317.9663 | M66: 1391.4641 | N66: 2078.3188 | O66: 235.16885 | P66: 242.27264 | Q66: 472.6645 | R66: 243.27103 | S66: 233.67525 | T66: 427.90927 | U66: 218.00572 | V66: 145.39822 | W66: 382.0506 | X66: 233.68451 | Y66: 6261.8823 | Z66: 1538.0596 | AA66: 446.62817 | AB66: 1175.5491 | AC66: 2281.7485 | AD66: 515.1838 | AE66: 421.05072 | AF66: 1100.311 | AG66: 794.07214 | AH66: 263.057 | AI66: #N/A | AJ66: 342.83844 | AK66: 108.14431 | AL66: 128.04236 | AM66: 452.73785 | AN66: 225.60272 | AO66: 789.7709 | AP66: 289.45047 | AQ66: 200.78265 | AR66: 128.46147 | AS66: 255.72375 | AT66: 210.91278 | AU66: 298.2892 | AV66: 152.55551
A67: 40359 | B67: 14980.193 | C67: 5538.6846 | D67: 2403.3303 | E67: 2524.8813 | F67: 1607.9833 | G67: 572.4393 | H67: 3292.6736 | I67: 1202.4994 | J67: 819.4445 | K67: 477.95224 | L67: 308.1724 | M67: 1363.883 | N67: 2050.6501 | O67: 212.24652 | P67: 234.55315 | Q67: 460.4803 | R67: 238.9657 | S67: 230.90788 | T67: 422.5645 | U67: 210.97789 | V67: 140.7545 | W67: 372.05124 | X67: 227.25987 | Y67: 5823.4146 | Z67: 1528.0951 | AA67: 442.5235 | AB67: 1179.3607 | AC67: 2107.2532 | AD67: 512.51196 | AE67: 404.35126 | AF67: 1104.2279 | AG67: 748.3721 | AH67: 246.0123 | AI67: #N/A | AJ67: 331.33066 | AK67: 113.04822 | AL67: 116.71345 | AM67: 435.81824 | AN67: 203.5185 | AO67: 746.93756 | AP67: 284.72842 | AQ67: 206.68237 | AR67: 124.71703 | AS67: 220.84042 | AT67: 200.50847 | AU67: 276.09268 | AV67: 149.36319
A68: 40268 | B68: 14764.61 | C68: 5574.322 | D68: 2477.183 | E68: 2720.3748 | F68: 1580.5444 | G68: 593.5628 | H68: 3519.2158 | I68: 1191.3973 | J68: 871.6965 | K68: 453.74695 | L68: 330.67804 | M68: 1487.1416 | N68: 2087.1543 | O68: 217.82886 | P68: 224.72252 | Q68: 491.1615 | R68: 252.12918 | S68: 224.22911 | T68: 447.7508 | U68: 230.26976 | V68: 141.51877 | W68: 396.71402 | X68: 247.38652 | Y68: 5126.5015 | Z68: 1609.4011 | AA68: 432.41776 | AB68: 1169.4287 | AC68: 1966.9967 | AD68: 505.88928 | AE68: 392.01544 | AF68: 1063.2671 | AG68: 693.4842 | AH68: 233.5096 | AI68: #N/A | AJ68: 324.57626 | AK68: 114.95596 | AL68: 118.27161 | AM68: 448.4117 | AN68: 199.62854 | AO68: 733.32556 | AP68: 301.21875 | AQ68: 187.17975 | AR68: 124.41495 | AS68: 213.65627 | AT68: 211.79195 | AU68: 271.41803 | AV68: 133.26016
A69: 40178 | B69: 14651.249 | C69: 5565.0303 | D69: 2542.8992 | E69: 2886.8535 | F69: 1527.4282 | G69: 607.3461 | H69: 3739.8796 | I69: 1170.7592 | J69: 931.0346 | K69: 503.54727 | L69: 345.9529 | M69: 1579.1901 | N69: 2499.0476 | O69: 233.3719 | P69: 216.08559 | Q69: 521.2467 | R69: 267.66373 | S69: 218.48546 | T69: 443.7295 | U69: 244.8288 | V69: 142.08707 | W69: 426.06552 | X69: 262.26126 | Y69: 5907.1187 | Z69: 1458.1915 | AA69: 420.50555 | AB69: 1104.1698 | AC69: 2117.1948 | AD69: 477.251 | AE69: 381.2819 | AF69: 1015.1553 | AG69: 613.6993 | AH69: 229.23834 | AI69: #N/A | AJ69: 307.93152 | AK69: #N/A | AL69: 110.67828 | AM69: 528.5467 | AN69: 196.77327 | AO69: 716.05304 | AP69: 370.5297 | AQ69: 203.60489 | AR69: 158.8368 | AS69: 214.39587 | AT69: 225.50058 | AU69: 262.41788 | AV69: 138.48372
A70: 40086 | B70: 14448.882 | C70: 5293.814 | D70: 2566.5808 | E70: 2765.082 | F70: 1428.8359 | G70: 579.49646 | H70: 3576.5313 | I70: 1048.8999 | J70: 897.9643 | K70: 440.5344 | L70: 332.22235 | M70: 1531.2578 | N70: 2249.1726 | O70: 217.42435 | P70: 201.32573 | Q70: 502.1543 | R70: 260.04272 | S70: 216.82109 | T70: 411.33902 | U70: 242.32553 | V70: 130.33661 | W70: 410.99466 | X70: 251.78596 | Y70: 5261.2134 | Z70: 1237.5715 | AA70: 391.84274 | AB70: 1033.7657 | AC70: 1827.1572 | AD70: 450.99478 | AE70: 362.457 | AF70: 971.8549 | AG70: 585.13965 | AH70: 207.71173 | AI70: #N/A | AJ70: 287.3189 | AK70: #N/A | AL70: 100.89482 | AM70: 453.41586 | AN70: 177.9139 | AO70: 685.6164 | AP70: 341.6752 | AQ70: 169.2118 | AR70: 139.35785 | AS70: 224.49928 | AT70: 218.69403 | AU70: 252.68898 | AV70: 125.23882
A71: 39994 | B71: 14381.236 | C71: 5159.6284 | D71: 2409.2974 | E71: 2628.2256 | F71: 1325.916 | G71: 547.5953 | H71: 3369.0854 | I71: 952.9846 | J71: 855.039 | K71: 429.17136 | L71: 312.10898 | M71: 1459.5929 | N71: 2142.4622 | O71: 204.73413 | P71: 187.44763 | Q71: 468.45703 | R71: 246.10757 | S71: 201.85582 | T71: 381.1969 | U71: 234.26553 | V71: 114.76736 | W71: 388.70416 | X71: 237.77473 | Y71: 4911.5156 | Z71: 1173.3864 | AA71: 383.80264 | AB71: 966.6501 | AC71: 1547.365 | AD71: 412.5619 | AE71: 326.46307 | AF71: 933.92377 | AG71: 525.3371 | AH71: 191.31134 | AI71: #N/A | AJ71: 272.81998 | AK71: #N/A | AL71: 89.78133 | AM71: 398.7499 | AN71: 166.79143 | AO71: 632.73615 | AP71: 320.00052 | AQ71: 173.36484 | AR71: 125.00256 | AS71: 190.48172 | AT71: 200.67809 | AU71: 223.01082 | AV71: 120.94777
A72: 39903 | B72: 14430.902 | C72: 5331.206 | D72: 2234.449 | E72: 2511.4336 | F72: 1250.081 | G72: 528.02106 | H72: 3207.5972 | I72: 844.6885 | J72: 826.06665 | K72: 375.40186 | L72: 303.7539 | M72: 1405.8339 | N72: 1950.0159 | O72: 200.6773 | P72: 173.47084 | Q72: 446.253 | R72: 238.3713 | S72: 194.38603 | T72: 354.4872 | U72: 224.67671 | V72: 101.23078 | W72: 368.36005 | X72: 225.71255 | Y72: 4328.533 | Z72: 1174.509 | AA72: 369.36826 | AB72: 851.5344 | AC72: 1305.6665 | AD72: 375.40186 | AE72: 274.18332 | AF72: 860.86676 | AG72: 453.73605 | AH72: 182.19069 | AI72: #N/A | AJ72: 259.42383 | AK72: #N/A | AL72: 91.79334 | AM72: 362.04056 | AN72: 152.34671 | AO72: 581.16034 | AP72: 276.5585 | AQ72: 158.93468 | AR72: 106.31811 | AS72: 180.32198 | AT72: 187.84769 | AU72: 200.68132 | AV72: 105.9689
A73: 39813 | B73: 14608.209 | C73: 5443.348 | D73: 2492.0378 | E73: 2595.4968 | F73: 1336.923 | G73: 533.30505 | H73: 3370.5105 | I73: 850.8531 | J73: 859.18134 | K73: 448.33685 | L73: 317.2496 | M73: 1456.1483 | N73: 2253.5505 | O73: 228.62875 | P73: 175.77505 | Q73: 456.27582 | R73: 252.88762 | S73: 206.87384 | T73: 387.8629 | U73: 238.439 | V73: 109.78497 | W73: 376.91483 | X73: 234.8095 | Y73: 5186.421 | Z73: 1201.6982 | AA73: 384.52124 | AB73: 882.64307 | AC73: 1431.8751 | AD73: 387.6257 | AE73: 267.94427 | AF73: 987.12463 | AG73: 474.91223 | AH73: 211.00877 | AI73: #N/A | AJ73: 269.753 | AK73: #N/A | AL73: 85.29271 | AM73: 490.27954 | AN73: 142.3231 | AO73: 651.32336 | AP73: 328.82785 | AQ73: 184.93863 | AR73: 145.77835 | AS73: 180.28606 | AT73: 206.69717 | AU73: 212.65683 | AV73: 116.90407
A74: 39721 | B74: 14898.999 | C74: 4916.2134 | D74: 3038.6448 | E74: 2989.7097 | F74: 1627.6168 | G74: 586.0112 | H74: 3885.5818 | I74: 1118.5033 | J74: 984.15704 | K74: 519.21625 | L74: 368.28427 | M74: 1669.498 | N74: 2443.135 | O74: 223.7151 | P74: 199.52888 | Q74: 531.72455 | R74: 294.99197 | S74: 225.31898 | T74: 508.00958 | U74: 282.21686 | V74: 133.77402 | W74: 441.89743 | X74: 268.89804 | Y74: 4820.949 | Z74: 1246.988 | AA74: 404.93332 | AB74: 1148.36 | AC74: 1950.0048 | AD74: 571.09845 | AE74: 342.04214 | AF74: 1271.1605 | AG74: 575.99744 | AH74: 246.02441 | AI74: #N/A | AJ74: 295.86957 | AK74: #N/A | AL74: 115.76148 | AM74: 571.4715 | AN74: 178.15126 | AO74: 839.1047 | AP74: 368.4333 | AQ74: 175.48187 | AR74: 171.95879 | AS74: 203.8103 | AT74: 255.6872 | AU74: 257.23865 | AV74: 124.30901
A75: 39629 | B75: 14865.701 | C75: 5153.6733 | D75: 3174.2673 | E75: 3118.4753 | F75: 1660.142 | G75: 606.9154 | H75: 4054.2317 | I75: 1156.6279 | J75: 1018.0891 | K75: 587.96027 | L75: 379.79865 | M75: 1746.97 | N75: 2602.287 | O75: 209.96269 | P75: 202.74785 | Q75: 553.5485 | R75: 303.75296 | S75: 225.41205 | T75: 527.434 | U75: 295.01862 | V75: 147.59332 | W75: 460.91617 | X75: 280.5379 | Y75: 4524.9355 | Z75: 1281.0514 | AA75: 447.73688 | AB75: 1188.8765 | AC75: 1858.8523 | AD75: 594.67303 | AE75: 332.6668 | AF75: 1248.5078 | AG75: 527.70703 | AH75: 242.92638 | AI75: #N/A | AJ75: 306.70056 | AK75: #N/A | AL75: 106.14159 | AM75: 570.0445 | AN75: 203.04156 | AO75: 808.92957 | AP75: 370.36688 | AQ75: 187.83614 | AR75: 172.59695 | AS75: 171.4454 | AT75: 255.38307 | AU75: 264.97913 | AV75: 129.79582
A76: 39538 | B76: 14706.538 | C76: 5155.022 | D76: 3163.9458 | E76: 2994.1099 | F76: 1630.7634 | G76: 578.06866 | H76: 3900.427 | I76: 1082.3529 | J76: 968.2002 | K76: 521.9114 | L76: 361.9713 | M76: 1668.9574 | N76: 2353.5662 | O76: 214.90222 | P76: 198.53 | Q76: 527.47345 | R76: 290.8006 | S76: 208.81754 | T76: 489.03723 | U76: 287.95282 | V76: 150.40839 | W76: 435.70523 | X76: 268.87524 | Y76: 3874.887 | Z76: 1394.8624 | AA76: 429.02817 | AB76: 1234.0236 | AC76: 1639.7223 | AD76: 525.2327 | AE76: 336.74255 | AF76: 1167.6561 | AG76: 479.8864 | AH76: 225.8938 | AI76: #N/A | AJ76: 294.37796 | AK76: #N/A | AL76: 92.69301 | AM76: 501.9051 | AN76: 208.75835 | AO76: 828.4989 | AP76: 333.8184 | AQ76: 175.34671 | AR76: 146.33467 | AS76: 162.66147 | AT76: 234.29874 | AU76: 241.6883 | AV76: 113.43991
A77: 39447 | B77: 14715.058 | C77: 4791.0786 | D77: 3222.9775 | E77: 2847.262 | F77: 1636.0978 | G77: 532.7225 | H77: 3734.7742 | I77: 1035.8115 | J77: 920.3924 | K77: 554.6779 | L77: 347.99057 | M77: 1596.0585 | N77: 2530.829 | O77: 236.04123 | P77: 193.83546 | Q77: 503.45978 | R77: 278.59647 | S77: 194.36862 | T77: 462.61835 | U77: 285.24777 | V77: 144.15031 | W77: 416.08475 | X77: 258.93842 | Y77: 4232.772 | Z77: 1339.0767 | AA77: 427.09702 | AB77: 1278.2108 | AC77: 1628.0137 | AD77: 474.49646 | AE77: 361.81598 | AF77: 1151.6002 | AG77: 448.63992 | AH77: 218.52922 | AI77: #N/A | AJ77: 281.46576 | AK77: #N/A | AL77: 84.880684 | AM77: 526.77563 | AN77: 183.52055 | AO77: 792.21204 | AP77: 352.61368 | AQ77: 188.14848 | AR77: 161.17685 | AS77: 160.46179 | AT77: 212.4979 | AU77: 221.70683 | AV77: 113.28647
A78: 39353 | B78: 14564.117 | C78: 4598.93 | D78: 3160.0679 | E78: 2679.519 | F78: 1513.2936 | G78: 504.0838 | H78: 3512.9846 | I78: 967.5838 | J78: 859.9459 | K78: 470.68832 | L78: 322.2446 | M78: 1483.915 | N78: 2197.9026 | O78: 217.13731 | P78: 183.36891 | Q78: 474.08426 | R78: 258.76785 | S78: 178.62222 | T78: 414.6804 | U78: 265.91034 | V78: 138.22939 | W78: 390.1189 | X78: 241.34547 | Y78: 3677.321 | Z78: 1135.6422 | AA78: 409.80942 | AB78: 1231.2926 | AC78: 1443.8339 | AD78: 419.6473 | AE78: 332.32657 | AF78: 1106.266 | AG78: 445.9806 | AH78: 198.45564 | AI78: #N/A | AJ78: 266.8782 | AK78: #N/A | AL78: 73.14924 | AM78: 422.34576 | AN78: 175.25688 | AO78: 700.5942 | AP78: 321.1458 | AQ78: 151.2634 | AR78: 142.85185 | AS78: 155.42653 | AT78: 192.09415 | AU78: 212.36696 | AV78: 102.43117
A79: 39262 | B79: 14402.082 | C79: 4533.836 | D79: 3082.7349 | E79: 2604.7776 | F79: 1436.7711 | G79: 488.34933 | H79: 3416.949 | I79: 935.6055 | J79: 833.14496 | K79: 491.903 | L79: 310.05725 | M79: 1444.4973 | N79: 2183.3022 | O79: 197.66223 | P79: 178.18858 | Q79: 461.33182 | R79: 250.63129 | S79: 176.80093 | T79: 391.06525 | U79: 267.6993 | V79: 134.20837 | W79: 378.37405 | X79: 235.20488 | Y79: 3375.2788 | Z79: 1092.5072 | AA79: 397.81042 | AB79: 1208.5713 | AC79: 1353.04 | AD79: 399.01074 | AE79: 325.2734 | AF79: 1094.9446 | AG79: 429.83423 | AH79: 186.56436 | AI79: #N/A | AJ79: 255.8236 | AK79: #N/A | AL79: 65.73838 | AM79: 401.783 | AN79: 172.78348 | AO79: 647.891 | AP79: 308.13004 | AQ79: 151.99982 | AR79: 138.12189 | AS79: 135.20009 | AT79: 181.7421 | AU79: 206.9961 | AV79: 101.67458
A80: 39171 | B80: 14215.651 | C80: 4581.2197 | D80: 2959.7 | E80: 2501.342 | F80: 1320.0464 | G80: 474.58154 | H80: 3292.107 | I80: 871.43854 | J80: 802.3949 | K80: 447.29776 | L80: 302.69934 | M80: 1384.5616 | N80: 1991.9304 | O80: 195.59349 | P80: 169.13535 | Q80: 445.00513 | R80: 237.99568 | S80: 165.83833 | T80: 370.03296 | U80: 260.04523 | V80: 122.90347 | W80: 363.4179 | X80: 226.71974 | Y80: 2947.0798 | Z80: 1086.7175 | AA80: 392.586 | AB80: 1166.9987 | AC80: 1198.7665 | AD80: 370.91013 | AE80: 312.98282 | AF80: 1055.3654 | AG80: 404.12198 | AH80: 171.78853 | AI80: #N/A | AJ80: 248.91032 | AK80: #N/A | AL80: 53.559437 | AM80: 364.2348 | AN80: 163.36726 | AO80: 609.9196 | AP80: 276.95798 | AQ80: 135.97154 | AR80: 120.38435 | AS80: 128.66933 | AT80: 176.72661 | AU80: 186.65057 | AV80: 92.00092
... A88: 38442 | B88: 12767.286 | C88: 5112.517 | D88: 2585.1716 | E88: 2273.812 | F88: 1125.299 | G88: 437.6165 | H88: 3011.6206 | I88: 726.5698 | J88: 709.78625 | K88: 395.52536 | L88: 272.7705 | M88: 1179.4376 | N88: 1824.6268 | O88: 168.132 | P88: 124.84875 | Q88: 399.00098 | R88: 215.24834 | S88: 139.96577 | T88: 302.98523 | U88: 217.58704 | V88: 111.97218 | W88: 322.51987 | X88: 204.24622 | Y88: 1955.0988 | Z88: 814.8123 | AA88: 373.50052 | AB88: 948.75146 | AC88: 749.50305 | AD88: 298.4092 | AE88: 292.47238 | AF88: 867.64636 | AG88: 272.50253 | AH88: 133.19783 | AI88: #N/A | AJ88: 188.65193 | AK88: #N/A | AL88: 32.975178 | AM88: 298.7028 | AN88: 111.77416 | AO88: 488.89627 | AP88: 235.6879 | AQ88: 98.596886 | AR88: 104.40427 | AS88: 91.49189 | AT88: 140.99063 | AU88: 138.23068 | AV88: 69.11914
A89: 38352 | B89: 12527.214 | C89: 5046.832 | D89: 2529.4045 | E89: 2228.3804 | F89: 1119.424 | G89: 432.38397 | H89: 2967.7222 | I89: 693.9516 | J89: 696.30145 | K89: 431.72144 | L89: 268.87616 | M89: 1148.3427 | N89: 2051.9668 | O89: 181.05902 | P89: 121.78853 | Q89: 391.25647 | R89: 210.06635 | S89: 138.75711 | T89: 294.3404 | U89: 208.60489 | V89: 108.76734 | W89: 317.2335 | X89: 200.5915 | Y89: 2258.924 | Z89: 764.3451 | AA89: 352.5081 | AB89: 879.87714 | AC89: 755.2354 | AD89: #N/A | AE89: 284.07928 | AF89: 849.91815 | AG89: 262.96442 | AH89: 136.10184 | AI89: #N/A | AJ89: 182.13704 | AK89: #N/A | AL89: 30.87812 | AM89: 316.37836 | AN89: 107.56153 | AO89: 434.69547 | AP89: 258.44434 | AQ89: 106.21992 | AR89: 118.97044 | AS89: 84.11157 | AT89: 133.64453 | AU89: 126.08851 | AV89: 70.19823
A90: 38260 | B90: 12305.307 | C90: 4874.882 | D90: 2418.7363 | E90: 2073.1711 | F90: 1033.0709 | G90: 404.64243 | H90: 2798.8586 | I90: 639.9317 | J90: 651.9203 | K90: 364.81317 | L90: 248.79031 | M90: 1059.0746 | N90: 1756.46 | O90: 171.2304 | P90: 115.62295 | Q90: 365.58572 | R90: 194.59526 | S90: 138.7654 | T90: 263.8176 | U90: 190.27298 | V90: 101.10075 | W90: 295.60938 | X90: 186.73326 | Y90: 2022.7937 | Z90: 659.1127 | AA90: 346.53958 | AB90: 822.2422 | AC90: 678.8665 | AD90: #N/A | AE90: 261.97614 | AF90: 817.0827 | AG90: 260.05844 | AH90: 134.40971 | AI90: #N/A | AJ90: 170.10622 | AK90: #N/A | AL90: 30.327145 | AM90: 252.19815 | AN90: 99.19083 | AO90: 404.85596 | AP90: 239.07823 | AQ90: 92.83104 | AR90: 105.0683 | AS90: 88.72292 | AT90: 120.14903 | AU90: 115.43012 | AV90: 64.21173
A91: 38168 | B91: 12112.815 | C91: 4864.064 | D91: 2390.99 | E91: 2027.2457 | F91: 976.9873 | G91: 397.84622 | H91: 2763.4795 | I91: 634.2569 | J91: 638.5151 | K91: 379.21008 | L91: 242.08438 | M91: 1024.379 | N91: 1757.6637 | O91: 162.66275 | P91: 111.52582 | Q91: 354.90976 | R91: 189.71838 | S91: 131.06888 | T91: 257.5927 | U91: 188.82224 | V91: 95.51466 | W91: 286.76718 | X91: 183.01039 | Y91: 1870.3109 | Z91: 656.0915 | AA91: 349.56143 | AB91: 807.298 | AC91: 633.363 | AD91: #N/A | AE91: 247.48012 | AF91: 804.71906 | AG91: 250.69887 | AH91: 127.52078 | AI91: #N/A | AJ91: 170.38707 | AK91: #N/A | AL91: 26.91802 | AM91: 231.11858 | AN91: 94.020226 | AO91: 390.68555 | AP91: 222.26929 | AQ91: 93.42516 | AR91: 102.28831 | AS91: 81.14053 | AT91: 113.57204 | AU91: 108.42193 | AV91: 69.25842
A92: 38077 | B92: 11923.447 | C92: 4988.2964 | D92: 2384.1807 | E92: 2089.9536 | F92: 982.55225 | G92: 401.86697 | H92: 2835.191 | I92: 669.35004 | J92: 653.6021 | K92: 365.4524 | L92: 249.49348 | M92: 1045.7814 | N92: 1686.0105 | O92: 161.3778 | P92: 110.68883 | Q92: 364.27283 | R92: 195.06013 | S92: 132.91371 | T92: 249.31528 | U92: 188.66824 | V92: 101.01691 | W92: 294.9644 | X92: 186.74348 | Y92: 1669.4014 | Z92: 660.67834 | AA92: 342.2774 | AB92: 786.86145 | AC92: 614.24274 | AD92: #N/A | AE92: 234.91751 | AF92: 800.91907 | AG92: 253.34131 | AH92: 120.82558 | AI92: #N/A | AJ92: 168.40108 | AK92: #N/A | AL92: #N/A | AM92: 222.9749 | AN92: 95.971405 | AO92: 406.44534 | AP92: 219.92516 | AQ92: 87.4078 | AR92: 91.45646 | AS92: 79.12196 | AT92: 113.7565 | AU92: 106.47297 | AV92: 61.028645
A93: 37986 | B93: 11772.234 | C93: 4893.732 | D93: 2200.3113 | E93: 1961.3635 | F93: 967.06476 | G93: 383.71332 | H93: 2694.9573 | I93: 614.7305 | J93: 620.2746 | K93: 378.93988 | L93: 234.6649 | M93: 979.4391 | N93: 1807.35 | O93: 173.19469 | P93: 102.6003 | Q93: 339.91928 | R93: 183.14845 | S93: 127.26161 | T93: 238.73697 | U93: 184.55304 | V93: 90.92181 | W93: 277.02927 | X93: 176.60092 | Y93: 1921.8477 | Z93: 657.9307 | AA93: 333.13037 | AB93: 763.33527 | AC93: 638.3802 | AD93: #N/A | AE93: 227.37192 | AF93: 756.135 | AG93: 237.58745 | AH93: 121.00727 | AI93: #N/A | AJ93: 164.55724 | AK93: #N/A | AL93: #N/A | AM93: 240.75482 | AN93: 86.69613 | AO93: 351.06345 | AP93: 224.01633 | AQ93: 96.02511 | AR93: 98.54333 | AS93: 75.261185 | AT93: 106.63349 | AU93: 96.804634 | AV93: 59.70349
A94: 37894 | B94: 11566.669 | C94: 4522.1406 | D94: 2053.696 | E94: 1842.3801 | F94: 911.3772 | G94: 361.08868 | H94: 2543.969 | I94: 551.6363 | J94: 580.77606 | K94: 320.27594 | L94: 217.7945 | M94: 910.59796 | N94: 1556.9938 | O94: 165.78036 | P94: 97.61138 | Q94: 317.65366 | R94: 171.64503 | S94: 132.9008 | T94: 223.81668 | U94: 162.85243 | V94: 83.48177 | W94: 259.7099 | X94: 164.91098 | Y94: 1705.5125 | Z94: 549.30896 | AA94: 322.40012 | AB94: 738.2885 | AC94: 599.1463 | AD94: #N/A | AE94: 202.5296 | AF94: 768.6767 | AG94: 244.75412 | AH94: 116.92688 | AI94: #N/A | AJ94: 154.30168 | AK94: #N/A | AL94: #N/A | AM94: 212.03891 | AN94: 75.98871 | AO94: 348.42285 | AP94: 202.10635 | AQ94: 84.4518 | AR94: 84.508896 | AS94: 79.47559 | AT94: 99.460945 | AU94: 92.688774 | AV94: 57.33627
A95: 37802 | B95: 11312.766 | C95: 4483.0425 | D95: 2029.8395 | E95: 1825.2875 | F95: 884.8295 | G95: 366.74124 | H95: 2529.4663 | I95: 523.62646 | J95: 581.68164 | K95: 339.4408 | L95: 217.36244 | M95: 904.2814 | N95: 1581.36 | O95: 150.45844 | P95: 93.13613 | Q95: 317.46976 | R95: 171.30977 | S95: 127.67857 | T95: 226.57082 | U95: 163.11304 | V95: 79.523315 | W95: 261.3472 | X95: 164.87184 | Y95: 1572.4114 | Z95: 534.46606 | AA95: 304.52805 | AB95: 707.93396 | AC95: 561.6841 | AD95: #N/A | AE95: 191.08688 | AF95: 781.54675 | AG95: 234.71474 | AH95: 111.74103 | AI95: #N/A | AJ95: 147.00293 | AK95: #N/A | AL95: #N/A | AM95: 216.14685 | AN95: 72.9242 | AO95: 303.05417 | AP95: 190.82614 | AQ95: 86.778046 | AR95: 85.01779 | AS95: 69.51189 | AT95: 101.91315 | AU95: 90.14995 | AV95: 61.987915
A96: 37711 | B96: 11174.129 | C96: 4429.2524 | D96: 1971.8029 | E96: 1724.5825 | F96: 827.9528 | G96: 357.35812 | H96: 2388.0447 | I96: 480.96317 | J96: 549.245 | K96: 303.5431 | L96: 206.56415 | M96: 839.6844 | N96: 1398.4049 | O96: 156.14754 | P96: 97.10813 | Q96: 297.69907 | R96: 160.55997 | S96: 120.60467 | T96: 228.258 | U96: 150.35028 | V96: 75.675674 | W96: 245.84843 | X96: 154.73163 | Y96: 1441.3462 | Z96: 553.7445 | AA96: 310.38278 | AB96: 705.37317 | AC96: 454.8469 | AD96: #N/A | AE96: 174.22183 | AF96: 755.95184 | AG96: 222.96927 | AH96: 108.67746 | AI96: #N/A | AJ96: 143.50069 | AK96: #N/A | AL96: #N/A | AM96: 198.43394 | AN96: 68.66945 | AO96: 264.88724 | AP96: 172.3069 | AQ96: 80.72942 | AR96: 73.42477 | AS96: 77.285484 | AT96: 94.4797 | AU96: 87.369064 | AV96: 55.13224
A97: 37621 | B97: 11061.433 | C97: 4342.0615 | D97: 1910.7452 | E97: 1598.0822 | F97: 781.07135 | G97: 333.48834 | H97: 2245.801 | I97: 447.40652 | J97: 508.66565 | K97: 303.9086 | L97: 191.69197 | M97: 767.3195 | N97: 1476.8125 | O97: 174.53082 | P97: 93.80795 | Q97: 277.13748 | R97: 150.23192 | S97: 121.76643 | T97: 216.28867 | U97: 139.54137 | V97: 67.33193 | W97: 226.91795 | X97: 143.58281 | Y97: 1690.1683 | Z97: 539.54987 | AA97: 308.99057 | AB97: 687.3408 | AC97: 434.27264 | AD97: #N/A | AE97: 147.53703 | AF97: 795.9649 | AG97: 204.26932 | AH97: 110.73735 | AI97: #N/A | AJ97: 137.0447 | AK97: #N/A | AL97: #N/A | AM97: 222.60693 | AN97: 69.62081 | AO97: 251.12157 | AP97: 171.29102 | AQ97: 90.94554 | AR97: 79.35423 | AS97: 88.49919 | AT97: 88.29947 | AU97: 87.03972 | AV97: 54.889423
A98: 37529 | B98: 10984.04 | C98: 4459.0195 | D98: 1858.5143 | E98: 1563.6116 | F98: 770.1648 | G98: 330.21008 | H98: 2205.5789 | I98: 431.58215 | J98: 498.19327 | K98: 266.2384 | L98: 188.13885 | M98: 743.5314 | N98: 1314.2013 | O98: 170.92915 | P98: 94.38645 | Q98: 270.3048 | R98: 145.69075 | S98: 124.46436 | T98: 207.98077 | U98: 136.43799 | V98: 63.845737 | W98: 222.704 | X98: 140.80447 | Y98: 1510.8522 | Z98: 468.02405 | AA98: 315.2762 | AB98: 682.8211 | AC98: 485.29138 | AD98: #N/A | AE98: 132.96602 | AF98: 805.7749 | AG98: 210.9402 | AH98: 110.22839 | AI98: #N/A | AJ98: 138.09554 | AK98: #N/A | AL98: #N/A | AM98: 193.07895 | AN98: 68.507996 | AO98: 229.1115 | AP98: 159.98741 | AQ98: 82.27245 | AR98: 71.36888 | AS98: 94.37242 | AT98: 88.297874 | AU98: 90.11244 | AV98: 51.93187
A99: 37435 | B99: 10887.46 | C99: 4194.4136 | D99: 1736.0675 | E99: 1444.46 | F99: 762.3214 | G99: 307.22696 | H99: 2031.628 | I99: 428.32077 | J99: 459.93628 | K99: 267.48114 | L99: 173.65224 | M99: 683.686 | N99: 1239.8177 | O99: 161.76418 | P99: 92.76459 | Q99: 249.71552 | R99: 136.39801 | S99: 118.45891 | T99: 191.57106 | U99: 122.52217 | V99: 60.884342 | W99: 206.68782 | X99: 130.531 | Y99: 1410.875 | Z99: 469.60178 | AA99: 307.6073 | AB99: 637.1432 | AC99: 588.8332 | AD99: #N/A | AE99: 128.14084 | AF99: 821.58154 | AG99: 197.61124 | AH99: 102.69916 | AI99: #N/A | AJ99: 134.15689 | AK99: #N/A | AL99: #N/A | AM99: 195.96466 | AN99: 71.341866 | AO99: 244.83032 | AP99: 141.8434 | AQ99: 85.2365 | AR99: 65.0504 | AS99: 79.95247 | AT99: 81.81395 | AU99: 99.9588 | AV99: 58.001427
A100: 37343 | B100: 10783.5 | C100: 4033.048 | D100: 1676.1204 | E100: 1368.7589 | F100: 726.86676 | G100: 290.46756 | H100: 1935.7698 | I100: 396.4103 | J100: 434.96988 | K100: 237.70514 | L100: 164.57309 | M100: 641.1655 | N100: 1103.9929 | O100: 158.12357 | P100: 89.4051 | Q100: 235.99608 | R100: 128.7859 | S100: 119.60329 | T100: 170.58041 | U100: 115.82524 | V100: 56.08809 | W100: 195.01157 | X100: 123.93116 | Y100: 1270.7811 | Z100: 504.8685 | AA100: 298.4555 | AB100: 596.6679 | AC100: 575.0087 | AD100: #N/A | AE100: 112.05089 | AF100: 818.5756 | AG100: 171.69705 | AH100: 95.76974 | AI100: #N/A | AJ100: 127.53342 | AK100: #N/A | AL100: #N/A | AM100: 181.78021 | AN100: 69.05089 | AO100: 233.84586 | AP100: 129.07619 | AQ100: 78.56305 | AR100: 56.647 | AS100: 80.65294 | AT100: 73.6622 | AU100: 96.28358 | AV100: 51.04993
A101: 37256 | B101: 10660.465 | C101: 4302.909 | D101: 1673.5808 | E101: 1382.0558 | F101: 719.12665 | G101: 297.57642 | H101: 1982.7518 | I101: 382.77533 | J101: 438.75104 | K101: 253.44075 | L101: 167.96304 | M101: 644.9037 | N101: 1274.8026 | O101: 175.87402 | P101: 85.323105 | Q101: 238.3518 | R101: 129.84268 | S101: 125.01968 | T101: 171.88356 | U101: 110.62637 | V101: 53.990524 | W101: 197.81345 | X101: 125.07892 | Y101: 1532.7981 | Z101: 513.2138 | AA101: 297.3718 | AB101: 574.7114 | AC101: 542.1237 | AD101: #N/A | AE101: 119.09322 | AF101: 810.17957 | AG101: 161.9066 | AH101: 98.04307 | AI101: #N/A | AJ101: 121.40985 | AK101: #N/A | AL101: #N/A | AM101: 210.94464 | AN101: 67.2062 | AO101: 184.44452 | AP101: 142.29991 | AQ101: 85.80814 | AR101: 59.01712 | AS101: 86.5383 | AT101: 72.12488 | AU101: 94.58768 | AV101: 53.145485
A102: 37162 | B102: 10598.02 | C102: 4387.303 | D102: 1660.8685 | E102: 1368.9052 | F102: 737.88 | G102: 289.2996 | H102: 1954.6636 | I102: 378.69547 | J102: 430.96716 | K102: 225.346 | L102: 164.73123 | M102: 629.25507 | N102: 1137.124 | O102: 172.7792 | P102: 88.42149 | Q102: 235.7824 | R102: 129.3026 | S102: 131.64758 | T102: 172.89998 | U102: 108.82708 | V102: 52.887695 | W102: 195.92143 | X102: 121.02802 | Y102: 1369.2706 | Z102: 439.8302 | AA102: 287.3092 | AB102: 574.16437 | AC102: 524.0504 | AD102: #N/A | AE102: 140.04166 | AF102: 811.808 | AG102: 175.27983 | AH102: 98.5947 | AI102: #N/A | AJ102: 119.5213 | AK102: #N/A | AL102: #N/A | AM102: 183.75328 | AN102: 67.54317 | AO102: 188.32074 | AP102: 135.35257 | AQ102: 76.36219 | AR102: 56.156796 | AS102: 96.80567 | AT102: 68.547905 | AU102: 93.687065 | AV102: 50.965378
A103: 37071 | B103: 10599 | C103: 4425.6147 | D103: 1634.3684 | E103: 1331.5101 | F103: 748.3227 | G103: 280.36893 | H103: 1911.0983 | I103: 371.4888 | J103: 419.61606 | K103: 243.73932 | L103: 159.48589 | M103: 604.95386 | N103: 1141.3833 | O103: 165.38074 | P103: 89.71035 | Q103: 231.21037 | R103: 126.02202 | S103: 133.92168 | T103: 173.5776 | U103: 106.1023 | V103: 52.434597 | W103: 191.30684 | X103: 117.7082 | Y103: 1291.5868 | Z103: 452.91568 | AA103: 298.53732 | AB103: 559.6734 | AC103: 565.2583 | AD103: #N/A | AE103: 143.16782 | AF103: 807.814 | AG103: 148.17108 | AH103: 96.060875 | AI103: #N/A | AJ103: 118.34129 | AK103: #N/A | AL103: #N/A | AM103: 191.55951 | AN103: 73.7623 | AO103: 199.39355 | AP103: 123.39835 | AQ103: 77.986145 | AR103: 52.862415 | AS103: #N/A | AT103: 65.17038 | AU103: 91.08146 | AV103: 52.63974
A104: 36980 | B104: 10470.231 | C104: 4654.0156 | D104: 1654.9637 | E104: 1397.7102 | F104: 752.37274 | G104: 293.78717 | H104: 2019.5433 | I104: 379.1313 | J104: 439.5386 | K104: 246.56084 | L104: 166.83952 | M104: 629.34094 | N104: 1128.3845 | O104: 163.51512 | P104: 96.26601 | Q104: 240.63092 | R104: 132.39075 | S104: 132.13023 | T104: 175.68517 | U104: 110.94022 | V104: 52.796555 | W104: 200.6951 | X104: 122.0677 | Y104: 1163.9573 | Z104: 486.31537 | AA104: 315.25473 | AB104: 560.8672 | AC104: 618.6286 | AD104: #N/A | AE104: 144.50858 | AF104: 759.4106 | AG104: 157.90434 | AH104: 93.20746 | AI104: #N/A | AJ104: 121.13487 | AK104: #N/A | AL104: #N/A | AM104: 175.41714 | AN104: 75.97781 | AO104: 255.78632 | AP104: 126.4846 | AQ104: 75.33626 | AR104: 47.16062 | AS104: #N/A | AT104: 66.83045 | AU104: 92.128746 | AV104: 47.407993
A105: 36889 | B105: 10435.744 | C105: 4975.318 | D105: 1614.5902 | E105: 1304.7118 | F105: 742.6388 | G105: 278.79532 | H105: 1852.142 | I105: 370.72705 | J105: 404.66696 | K105: 261.76318 | L105: 159.37578 | M105: 579.9896 | N105: 1185.9961 | O105: 178.37733 | P105: 99.0573 | Q105: 226.95354 | R105: 122.31185 | S105: 135.14291 | T105: 170.068 | U105: 98.89774 | V105: 49.725357 | W105: 187.17892 | X105: 114.03374 | Y105: 1410.7416 | Z105: 483.46042 | AA105: 321.73523 | AB105: 594.57465 | AC105: 664.4833 | AD105: #N/A | AE105: 145.86719 | AF105: 762.92865 | AG105: 158.53352 | AH105: 103.11618 | AI105: #N/A | AJ105: 120.35973 | AK105: #N/A | AL105: #N/A | AM105: 186.34026 | AN105: 76.23906 | AO105: 281.16226 | AP105: 127.31228 | AQ105: 83.3766 | AR105: 48.58973 | AS105: #N/A | AT105: 61.16275 | AU105: 94.18658 | AV105: 49.31771
A106: 36798 | B106: 10318.165 | C106: 5033.862 | D106: 1637.4009 | E106: 1343.4802 | F106: 756.8546 | G106: 280.26965 | H106: 1930.8137 | I106: 401.76834 | J106: 412.84097 | K106: 249.97723 | L106: 160.65492 | M106: 589.6473 | N106: 1102 | O106: 175.92851 | P106: 98.51579 | Q106: 232.53761 | R106: 124.58799 | S106: 138.14818 | T106: 170.46378 | U106: 98.966866 | V106: 52.22399 | W106: 194.09233 | X106: 117.28615 | Y106: 1242.2762 | Z106: 421.8296 | AA106: 336.39508 | AB106: 615.16614 | AC106: 680.9467 | AD106: #N/A | AE106: 154.28886 | AF106: 764.8014 | AG106: 165.21587 | AH106: 101.49081 | AI106: #N/A | AJ106: 124.09906 | AK106: #N/A | AL106: #N/A | AM106: 170.44315 | AN106: 76.52579 | AO106: 276.39478 | AP106: 126.79336 | AQ106: 81.075966 | AR106: 47.706734 | AS106: #N/A | AT106: 61.938686 | AU106: 91.20762 | AV106: 49.700397
A107: 36707 | B107: 10247.72 | C107: 5098.923 | D107: 1684.4064 | E107: 1367.9218 | F107: 742.6655 | G107: 282.24072 | H107: 1988.907 | I107: 402.81348 | J107: 417.57602 | K107: 276.04874 | L107: 164.62619 | M107: 597.69336 | N107: 1153.2322 | O107: 167.23425 | P107: 94.107895 | Q107: 237.82172 | R107: 125.58961 | S107: 130.79276 | T107: 167.09036 | U107: 99.7642 | V107: 55.74914 | W107: 196.56926 | X107: 118.17635 | Y107: 1161.7762 | Z107: 447.47714 | AA107: 336.23685 | AB107: 595.5394 | AC107: 649.58435 | AD107: #N/A | AE107: 150.28764 | AF107: 723.6572 | AG107: 163.1951 | AH107: 94.923676 | AI107: #N/A | AJ107: 129.31216 | AK107: #N/A | AL107: #N/A | AM107: 164.70963 | AN107: 79.05162 | AO107: 269.58594 | AP107: 122.72041 | AQ107: 86.2925 | AR107: 47.061707 | AS107: #N/A | AT107: 61.229984 | AU107: 93.90735 | AV107: 52.960075
A108: 36616 | B108: 10002.179 | C108: 5072.141 | D108: 1756.1979 | E108: 1425.6713 | F108: 736.203 | G108: 287.8275 | H108: 2087.598 | I108: 424.79855 | J108: 432.72604 | K108: 263.30814 | L108: 171.28416 | M108: 620.1399 | N108: 1140.9108 | O108: 165.02327 | P108: 92.20928 | Q108: 248.27553 | R108: 130.29994 | S108: 124.70822 | T108: 174.42696 | U108: 101.55771 | V108: 57.938484 | W108: 206.75063 | X108: 124.06415 | Y108: 1030.601 | Z108: 495.2583 | AA108: 329.1615 | AB108: 586.1525 | AC108: 624.9914 | AD108: #N/A | AE108: 156.89937 | AF108: 713.8097 | AG108: 176.44803 | AH108: 90.55871 | AI108: #N/A | AJ108: 131.587 | AK108: #N/A | AL108: #N/A | AM108: 162.34242 | AN108: 79.5543 | AO108: 270.7658 | AP108: 124.36475 | AQ108: 83.5711 | AR108: 45.16095 | AS108: #N/A | AT108: 64.294876 | AU108: 96.746735 | AV108: 49.69507

Sheet MARKET_CAP
A1: MARKET_CAP | B1: 미국 | C1: 일본 | D1: 영국 | E1: 프랑스 | F1: 캐나다 | G1: 스위스 | H1: 독일 | I1: 호주 | J1: 네덜란드 | K1: 스웨덴 | L1: 덴마크 | M1: 스페인 | N1: 이탈리아 | O1: 홍콩 | P1: 싱가포르 | Q1: 벨기에 | R1: 핀란드 | S1: 이스라엘 | T1: 노르웨이 | U1: 아일랜드 | V1: 뉴질랜드 | W1: 오스트리아 | X1: 포르투갈 | Y1: 중국 | Z1: 인도 | AA1: 대만 | AB1: 한국 | AC1: 브라질 | AD1: 사우디아라비아 | AE1: 남아프리카공화국 | AF1: 멕시코 | AG1: 인도네시아 | AH1: 말레이시아 | AI1: 아랍에미리트 | AJ1: 태국 | AK1: 쿠웨이트 | AL1: 카타르 | AM1: 폴란드 | AN1: 칠레 | AO1: 튀르키예 | AP1: 그리스 | AQ1: 필리핀 | AR1: 헝가리 | AS1: 이집트 | AT1: 체코 | AU1: 콜롬비아 | AV1: 페루
A2: USD Millions | B2: USA | C2: Japan | D2: UK | E2: France | F2: Canada | G2: Switzerland | H2: Germany | I2: Australia | J2: Netherlands | K2: Sweden | L2: Denmark | M2: Spain | N2: Italy | O2: Hong Kong | P2: Singapore | Q2: Belgium | R2: Finland | S2: Israel | T2: Norway | U2: Ireland | V2: New Zealand | W2: Austria | X2: Portugal | Y2: China | Z2: India | AA2: Taiwan | AB2: Korea | AC2: Brazil | AD2: Saudi Arabia | AE2: South Africa | AF2: Mexico | AG2: Indonesia | AH2: Malaysia | AI2: UAE | AJ2: Thailand | AK2: Kuwait | AL2: Qatar | AM2: Poland | AN2: Chile | AO2: Turkey | AP2: Greece | AQ2: Philippines | AR2: Hungary | AS2: Egypt | AT2: Czech Republic | AU2: Colombia | AV2: Peru
A3: Date | B3: 984000 | C3: 939200 | D3: 982600 | E3: 925000 | F3: 912400 | G3: 975600 | H3: 928000 | I3: 903600 | J3: 952800 | K3: 975200 | L3: 920800 | M3: 972400 | N3: 938000 | O3: 934400 | P3: 998100 | Q3: 905600 | R3: 924600 | S3: MS300400 | T3: 957800 | U3: 937200 | V3: 955400 | W3: 904000 | X3: 962000 | Y3: MS302400 | Z3: 935600 | AA3: 915800 | AB3: 941000 | AC3: 907600 | AD3: MS705405 | AE3: 971000 | AF3: 848400 | AG3: 105767 | AH3: 105768 | AI3: MS133717 | AJ3: 105769 | AK3: MS133713 | AL3: MS133715 | AM3: 961600 | AN3: 915200 | AO3: 979200 | AP3: 930000 | AQ3: 860800 | AR3: 934800 | AS3: 105766 | AT3: 920000 | AU3: 917000 | AV3: 960400
A4: 03/17/2026 | B4: =_xll.FDS(B3,"FG_MCAP_IDX(3/17/2026,,,USD)") -> #NAME? | C4: =_xll.FDS(C3,"FG_MCAP_IDX(3/17/2026,,,USD)") -> #NAME? | D4: =_xll.FDS(D3,"FG_MCAP_IDX(3/17/2026,,,USD)") -> #NAME? | E4: =_xll.FDS(E3,"FG_MCAP_IDX(3/17/2026,,,USD)") -> #NAME? | F4: =_xll.FDS(F3,"FG_MCAP_IDX(3/17/2026,,,USD)") -> #NAME? | G4: =_xll.FDS(G3,"FG_MCAP_IDX(3/17/2026,,,USD)") -> #NAME? | H4: =_xll.FDS(H3,"FG_MCAP_IDX(3/17/2026,,,USD)") -> #NAME? | I4: =_xll.FDS(I3,"FG_MCAP_IDX(3/17/2026,,,USD)") -> #NAME? | ... AV4: =_xll.FDS(AV3,"FG_MCAP_IDX(3/17/2026,,,USD)") -> #NAME?
A5: {=_xll.FDS("990100","P_DATE(3/17/2026,1/1/2000,M)")} -> #NAME? | B5: {=_xll.FDS(B3,"FG_MCAP_IDX(2/27/2026,1/29/2000,M,USD)")} -> #NAME? | C5: {=_xll.FDS(C3,"FG_MCAP_IDX(2/27/2026,1/29/2000,M,USD)")} -> #NAME? | D5: {=_xll.FDS(D3,"FG_MCAP_IDX(2/27/2026,1/29/2000,M,USD)")} -> #NAME? | E5: {=_xll.FDS(E3,"FG_MCAP_IDX(2/27/2026,1/29/2000,M,USD)")} -> #NAME? | F5: {=_xll.FDS(F3,"FG_MCAP_IDX(2/27/2026,1/29/2000,M,USD)")} -> #NAME? | G5: {=_xll.FDS(G3,"FG_MCAP_IDX(2/27/2026,1/29/2000,M,USD)")} -> #NAME? | H5: {=_xll.FDS(H3,"FG_MCAP_IDX(2/27/2026,1/29/2000,M,USD)")} -> #NAME? | I5: {=_xll.FDS(I3,"FG_MCAP_IDX(2/27/2026,1/29/2000,M,USD)")} -> #NAME? | ... AV5: {=_xll.FDS(AV3,"FG_MCAP_IDX(2/27/2026,1/29/2000,M,USD)")} -> #NAME?
A6: #NAME? | B6: #NAME? | C6: #NAME? | D6: #NAME? | E6: #NAME? | F6: #NAME? | G6: #NAME? | H6: #NAME? | I6: #NAME? | J6: #NAME? | K6: #NAME? | L6: #NAME? | M6: #NAME? | N6: #NAME? | O6: #NAME? | P6: #NAME? | Q6: #NAME? | R6: #NAME? | S6: #NAME? | T6: #NAME? | U6: #NAME? | V6: #NAME? | W6: #NAME? | X6: #NAME? | Y6: #NAME? | Z6: #NAME? | AA6: #NAME? | AB6: #NAME? | AC6: #NAME? | AD6: #NAME? | AE6: #NAME? | AF6: #NAME? | AG6: #NAME? | AH6: #NAME? | AI6: #NAME? | AJ6: #NAME? | AK6: #NAME? | AL6: #NAME? | AM6: #NAME? | AN6: #NAME? | AO6: #NAME? | AP6: #NAME? | AQ6: #NAME? | AR6: #NAME? | AS6: #NAME? | AT6: #NAME? | AU6: #NAME? | AV6: #NAME?
A7: #NAME? | B7: #NAME? | C7: #NAME? | D7: #NAME? | E7: #NAME? | F7: #NAME? | G7: #NAME? | H7: #NAME? | I7: #NAME? | J7: #NAME? | K7: #NAME? | L7: #NAME? | M7: #NAME? | N7: #NAME? | O7: #NAME? | P7: #NAME? | Q7: #NAME? | R7: #NAME? | S7: #NAME? | T7: #NAME? | U7: #NAME? | V7: #NAME? | W7: #NAME? | X7: #NAME? | Y7: #NAME? | Z7: #NAME? | AA7: #NAME? | AB7: #NAME? | AC7: #NAME? | AD7: #NAME? | AE7: #NAME? | AF7: #NAME? | AG7: #NAME? | AH7: #NAME? | AI7: #NAME? | AJ7: #NAME? | AK7: #NAME? | AL7: #NAME? | AM7: #NAME? | AN7: #NAME? | AO7: #NAME? | AP7: #NAME? | AQ7: #NAME? | AR7: #NAME? | AS7: #NAME? | AT7: #NAME? | AU7: #NAME? | AV7: #NAME?
A8: #NAME? | B8: #NAME? | C8: #NAME? | D8: #NAME? | E8: #NAME? | F8: #NAME? | G8: #NAME? | H8: #NAME? | I8: #NAME? | J8: #NAME? | K8: #NAME? | L8: #NAME? | M8: #NAME? | N8: #NAME? | O8: #NAME? | P8: #NAME? | Q8: #NAME? | R8: #NAME? | S8: #NAME? | T8: #NAME? | U8: #NAME? | V8: #NAME? | W8: #NAME? | X8: #NAME? | Y8: #NAME? | Z8: #NAME? | AA8: #NAME? | AB8: #NAME? | AC8: #NAME? | AD8: #NAME? | AE8: #NAME? | AF8: #NAME? | AG8: #NAME? | AH8: #NAME? | AI8: #NAME? | AJ8: #NAME? | AK8: #NAME? | AL8: #NAME? | AM8: #NAME? | AN8: #NAME? | AO8: #NAME? | AP8: #NAME? | AQ8: #NAME? | AR8: #NAME? | AS8: #NAME? | AT8: #NAME? | AU8: #NAME? | AV8: #NAME?
A9: #NAME? | B9: #NAME? | C9: #NAME? | D9: #NAME? | E9: #NAME? | F9: #NAME? | G9: #NAME? | H9: #NAME? | I9: #NAME? | J9: #NAME? | K9: #NAME? | L9: #NAME? | M9: #NAME? | N9: #NAME? | O9: #NAME? | P9: #NAME? | Q9: #NAME? | R9: #NAME? | S9: #NAME? | T9: #NAME? | U9: #NAME? | V9: #NAME? | W9: #NAME? | X9: #NAME? | Y9: #NAME? | Z9: #NAME? | AA9: #NAME? | AB9: #NAME? | AC9: #NAME? | AD9: #NAME? | AE9: #NAME? | AF9: #NAME? | AG9: #NAME? | AH9: #NAME? | AI9: #NAME? | AJ9: #NAME? | AK9: #NAME? | AL9: #NAME? | AM9: #NAME? | AN9: #NAME? | AO9: #NAME? | AP9: #NAME? | AQ9: #NAME? | AR9: #NAME? | AS9: #NAME? | AT9: #NAME? | AU9: #NAME? | AV9: #NAME?
A10: #NAME? | B10: #NAME? | C10: #NAME? | D10: #NAME? | E10: #NAME? | F10: #NAME? | G10: #NAME? | H10: #NAME? | I10: #NAME? | J10: #NAME? | K10: #NAME? | L10: #NAME? | M10: #NAME? | N10: #NAME? | O10: #NAME? | P10: #NAME? | Q10: #NAME? | R10: #NAME? | S10: #NAME? | T10: #NAME? | U10: #NAME? | V10: #NAME? | W10: #NAME? | X10: #NAME? | Y10: #NAME? | Z10: #NAME? | AA10: #NAME? | AB10: #NAME? | AC10: #NAME? | AD10: #NAME? | AE10: #NAME? | AF10: #NAME? | AG10: #NAME? | AH10: #NAME? | AI10: #NAME? | AJ10: #NAME? | AK10: #NAME? | AL10: #NAME? | AM10: #NAME? | AN10: #NAME? | AO10: #NAME? | AP10: #NAME? | AQ10: #NAME? | AR10: #NAME? | AS10: #NAME? | AT10: #NAME? | AU10: #NAME? | AV10: #NAME?
A11: #NAME? | B11: #NAME? | C11: #NAME? | D11: #NAME? | E11: #NAME? | F11: #NAME? | G11: #NAME? | H11: #NAME? | I11: #NAME? | J11: #NAME? | K11: #NAME? | L11: #NAME? | M11: #NAME? | N11: #NAME? | O11: #NAME? | P11: #NAME? | Q11: #NAME? | R11: #NAME? | S11: #NAME? | T11: #NAME? | U11: #NAME? | V11: #NAME? | W11: #NAME? | X11: #NAME? | Y11: #NAME? | Z11: #NAME? | AA11: #NAME? | AB11: #NAME? | AC11: #NAME? | AD11: #NAME? | AE11: #NAME? | AF11: #NAME? | AG11: #NAME? | AH11: #NAME? | AI11: #NAME? | AJ11: #NAME? | AK11: #NAME? | AL11: #NAME? | AM11: #NAME? | AN11: #NAME? | AO11: #NAME? | AP11: #NAME? | AQ11: #NAME? | AR11: #NAME? | AS11: #NAME? | AT11: #NAME? | AU11: #NAME? | AV11: #NAME?
A12: #NAME? | B12: #NAME? | C12: #NAME? | D12: #NAME? | E12: #NAME? | F12: #NAME? | G12: #NAME? | H12: #NAME? | I12: #NAME? | J12: #NAME? | K12: #NAME? | L12: #NAME? | M12: #NAME? | N12: #NAME? | O12: #NAME? | P12: #NAME? | Q12: #NAME? | R12: #NAME? | S12: #NAME? | T12: #NAME? | U12: #NAME? | V12: #NAME? | W12: #NAME? | X12: #NAME? | Y12: #NAME? | Z12: #NAME? | AA12: #NAME? | AB12: #NAME? | AC12: #NAME? | AD12: #NAME? | AE12: #NAME? | AF12: #NAME? | AG12: #NAME? | AH12: #NAME? | AI12: #NAME? | AJ12: #NAME? | AK12: #NAME? | AL12: #NAME? | AM12: #NAME? | AN12: #NAME? | AO12: #NAME? | AP12: #NAME? | AQ12: #NAME? | AR12: #NAME? | AS12: #NAME? | AT12: #NAME? | AU12: #NAME? | AV12: #NAME?
A13: #NAME? | B13: #NAME? | C13: #NAME? | D13: #NAME? | E13: #NAME? | F13: #NAME? | G13: #NAME? | H13: #NAME? | I13: #NAME? | J13: #NAME? | K13: #NAME? | L13: #NAME? | M13: #NAME? | N13: #NAME? | O13: #NAME? | P13: #NAME? | Q13: #NAME? | R13: #NAME? | S13: #NAME? | T13: #NAME? | U13: #NAME? | V13: #NAME? | W13: #NAME? | X13: #NAME? | Y13: #NAME? | Z13: #NAME? | AA13: #NAME? | AB13: #NAME? | AC13: #NAME? | AD13: #NAME? | AE13: #NAME? | AF13: #NAME? | AG13: #NAME? | AH13: #NAME? | AI13: #NAME? | AJ13: #NAME? | AK13: #NAME? | AL13: #NAME? | AM13: #NAME? | AN13: #NAME? | AO13: #NAME? | AP13: #NAME? | AQ13: #NAME? | AR13: #NAME? | AS13: #NAME? | AT13: #NAME? | AU13: #NAME? | AV13: #NAME?
A14: #NAME? | B14: #NAME? | C14: #NAME? | D14: #NAME? | E14: #NAME? | F14: #NAME? | G14: #NAME? | H14: #NAME? | I14: #NAME? | J14: #NAME? | K14: #NAME? | L14: #NAME? | M14: #NAME? | N14: #NAME? | O14: #NAME? | P14: #NAME? | Q14: #NAME? | R14: #NAME? | S14: #NAME? | T14: #NAME? | U14: #NAME? | V14: #NAME? | W14: #NAME? | X14: #NAME? | Y14: #NAME? | Z14: #NAME? | AA14: #NAME? | AB14: #NAME? | AC14: #NAME? | AD14: #NAME? | AE14: #NAME? | AF14: #NAME? | AG14: #NAME? | AH14: #NAME? | AI14: #NAME? | AJ14: #NAME? | AK14: #NAME? | AL14: #NAME? | AM14: #NAME? | AN14: #NAME? | AO14: #NAME? | AP14: #NAME? | AQ14: #NAME? | AR14: #NAME? | AS14: #NAME? | AT14: #NAME? | AU14: #NAME? | AV14: #NAME?
A15: #NAME? | B15: #NAME? | C15: #NAME? | D15: #NAME? | E15: #NAME? | F15: #NAME? | G15: #NAME? | H15: #NAME? | I15: #NAME? | J15: #NAME? | K15: #NAME? | L15: #NAME? | M15: #NAME? | N15: #NAME? | O15: #NAME? | P15: #NAME? | Q15: #NAME? | R15: #NAME? | S15: #NAME? | T15: #NAME? | U15: #NAME? | V15: #NAME? | W15: #NAME? | X15: #NAME? | Y15: #NAME? | Z15: #NAME? | AA15: #NAME? | AB15: #NAME? | AC15: #NAME? | AD15: #NAME? | AE15: #NAME? | AF15: #NAME? | AG15: #NAME? | AH15: #NAME? | AI15: #NAME? | AJ15: #NAME? | AK15: #NAME? | AL15: #NAME? | AM15: #NAME? | AN15: #NAME? | AO15: #NAME? | AP15: #NAME? | AQ15: #NAME? | AR15: #NAME? | AS15: #NAME? | AT15: #NAME? | AU15: #NAME? | AV15: #NAME?
A16: #NAME? | B16: #NAME? | C16: #NAME? | D16: #NAME? | E16: #NAME? | F16: #NAME? | G16: #NAME? | H16: #NAME? | I16: #NAME? | J16: #NAME? | K16: #NAME? | L16: #NAME? | M16: #NAME? | N16: #NAME? | O16: #NAME? | P16: #NAME? | Q16: #NAME? | R16: #NAME? | S16: #NAME? | T16: #NAME? | U16: #NAME? | V16: #NAME? | W16: #NAME? | X16: #NAME? | Y16: #NAME? | Z16: #NAME? | AA16: #NAME? | AB16: #NAME? | AC16: #NAME? | AD16: #NAME? | AE16: #NAME? | AF16: #NAME? | AG16: #NAME? | AH16: #NAME? | AI16: #NAME? | AJ16: #NAME? | AK16: #NAME? | AL16: #NAME? | AM16: #NAME? | AN16: #NAME? | AO16: #NAME? | AP16: #NAME? | AQ16: #NAME? | AR16: #NAME? | AS16: #NAME? | AT16: #NAME? | AU16: #NAME? | AV16: #NAME?
A17: #NAME? | B17: #NAME? | C17: #NAME? | D17: #NAME? | E17: #NAME? | F17: #NAME? | G17: #NAME? | H17: #NAME? | I17: #NAME? | J17: #NAME? | K17: #NAME? | L17: #NAME? | M17: #NAME? | N17: #NAME? | O17: #NAME? | P17: #NAME? | Q17: #NAME? | R17: #NAME? | S17: #NAME? | T17: #NAME? | U17: #NAME? | V17: #NAME? | W17: #NAME? | X17: #NAME? | Y17: #NAME? | Z17: #NAME? | AA17: #NAME? | AB17: #NAME? | AC17: #NAME? | AD17: #NAME? | AE17: #NAME? | AF17: #NAME? | AG17: #NAME? | AH17: #NAME? | AI17: #NAME? | AJ17: #NAME? | AK17: #NAME? | AL17: #NAME? | AM17: #NAME? | AN17: #NAME? | AO17: #NAME? | AP17: #NAME? | AQ17: #NAME? | AR17: #NAME? | AS17: #NAME? | AT17: #NAME? | AU17: #NAME? | AV17: #NAME?
... A318: #NAME? | B318: #NAME? | C318: #NAME? | D318: #NAME? | E318: #NAME? | F318: #NAME? | G318: #NAME? | H318: #NAME? | I318: #NAME? | J318: #NAME? | K318: #NAME? | L318: #NAME? | M318: #NAME? | N318: #NAME? | O318: #NAME? | P318: #NAME? | Q318: #NAME? | R318: #NAME? | S318: #NAME? | T318: #NAME? | U318: #NAME? | V318: #NAME? | W318: #NAME? | X318: #NAME? | Y318: #NAME? | Z318: #NAME? | AA318: #NAME? | AB318: #NAME? | AC318: #NAME? | AD318: #NAME? | AE318: #NAME? | AF318: #NAME? | AG318: #NAME? | AH318: #NAME? | AI318: #NAME? | AJ318: #NAME? | AK318: #NAME? | AL318: #NAME? | AM318: #NAME? | AN318: #NAME? | AO318: #NAME? | AP318: #NAME? | AQ318: #NAME? | AR318: #NAME? | AS318: #NAME? | AT318: #NAME? | AU318: #NAME? | AV318: #NAME?

Sheet Sheet5
A1: MARKET_CAP | B1: 미국 | C1: 일본 | D1: 영국 | E1: 프랑스 | F1: 캐나다 | G1: 스위스 | H1: 독일 | I1: 호주 | J1: 네덜란드 | K1: 스웨덴 | L1: 덴마크 | M1: 스페인 | N1: 이탈리아 | O1: 홍콩 | P1: 싱가포르 | Q1: 벨기에 | R1: 핀란드 | S1: 이스라엘 | T1: 노르웨이 | U1: 아일랜드 | V1: 뉴질랜드 | W1: 오스트리아 | X1: 포르투갈 | Y1: 중국 | Z1: 인도 | AA1: 대만 | AB1: 한국 | AC1: 브라질 | AD1: 사우디아라비아 | AE1: 남아프리카공화국 | AF1: 멕시코 | AG1: 인도네시아 | AH1: 말레이시아 | AI1: 아랍에미리트 | AJ1: 태국 | AK1: 쿠웨이트 | AL1: 카타르 | AM1: 폴란드 | AN1: 칠레 | AO1: 튀르키예 | AP1: 그리스 | AQ1: 필리핀 | AR1: 헝가리 | AS1: 이집트 | AT1: 체코 | AU1: 콜롬비아 | AV1: 페루
A2: USD Millions | B2: USA | C2: Japan | D2: UK | E2: France | F2: Canada | G2: Switzerland | H2: Germany | I2: Australia | J2: Netherlands | K2: Sweden | L2: Denmark | M2: Spain | N2: Italy | O2: Hong Kong | P2: Singapore | Q2: Belgium | R2: Finland | S2: Israel | T2: Norway | U2: Ireland | V2: New Zealand | W2: Austria | X2: Portugal | Y2: China | Z2: India | AA2: Taiwan | AB2: Korea | AC2: Brazil | AD2: Saudi Arabia | AE2: South Africa | AF2: Mexico | AG2: Indonesia | AH2: Malaysia | AI2: UAE | AJ2: Thailand | AK2: Kuwait | AL2: Qatar | AM2: Poland | AN2: Chile | AO2: Turkey | AP2: Greece | AQ2: Philippines | AR2: Hungary | AS2: Egypt | AT2: Czech Republic | AU2: Colombia | AV2: Peru
A3: Date | B3: 984000 | C3: 939200 | D3: 982600 | E3: 925000 | F3: 912400 | G3: 975600 | H3: 928000 | I3: 903600 | J3: 952800 | K3: 975200 | L3: 920800 | M3: 972400 | N3: 938000 | O3: 934400 | P3: 998100 | Q3: 905600 | R3: 924600 | S3: MS300400 | T3: 957800 | U3: 937200 | V3: 955400 | W3: 904000 | X3: 962000 | Y3: MS302400 | Z3: 935600 | AA3: 915800 | AB3: 941000 | AC3: 907600 | AD3: MS705405 | AE3: 971000 | AF3: 848400 | AG3: 105767 | AH3: 105768 | AI3: MS133717 | AJ3: 105769 | AK3: MS133713 | AL3: MS133715 | AM3: 961600 | AN3: 915200 | AO3: 979200 | AP3: 930000 | AQ3: 860800 | AR3: 934800 | AS3: 105766 | AT3: 920000 | AU3: 917000 | AV3: 960400
A4: 03/17/2026 | B4: 58319569 | C4: 4734622.8 | D4: 3162175.7 | E4: 2092576.4 | F4: 2910197.7 | G4: 1945531.5 | H4: 1894259 | I4: 1407279.7 | J4: 1106544.5 | K4: 772657.63 | L4: 340532.78 | M4: 787039.84 | N4: 664796.96 | O4: 420838.41 | P4: 351895.33 | Q4: 228890.46 | R4: 252327.95 | S4: 228243.59 | T4: 149016.55 | U4: 88582.117 | V4: 36713.524 | W4: 64890.034 | X4: 45154.314 | Y4: 2775602.4 | Z4: 1392327 | AA4: 2452217.7 | AB4: 1849062.5 | AC4: 509346.45 | AD4: 305790.77 | AE4: 394753.43 | AF4: 208543.74 | AG4: 93378.503 | AH4: 130829.63 | AI4: 135579.55 | AJ4: 116621.29 | AK4: 67495.467 | AL4: 62496.923 | AM4: 118328.72 | AN4: 56395.229 | AO4: 50562.363 | AP4: 51841.186 | AQ4: 37568.521 | AR4: 33664.365 | AS4: 7923.7016 | AT4: 14097.267 | AU4: 16353.597 | AV4: 44632.812
A5: 02/27/2026 | B5: 59782457 | C5: 5230530 | D5: 3350534.5 | E5: 2324187.4 | F5: 3031376.4 | G5: 2139454.9 | H5: 2073811.9 | I5: 1492805.8 | J5: 1180794.8 | K5: 840389.13 | L5: 347963.21 | M5: 852048.76 | N5: 711290.59 | O5: 446520.99 | P5: 364138.12 | Q5: 247086.08 | R5: 257725.66 | S5: 215519.13 | T5: 140998.46 | U5: 97991.113 | V5: 39182.558 | W5: 57548.589 | X5: 46079.831 | Y5: 2787661.9 | Z5: 1504291.6 | AA5: 2639816.6 | AB5: 2120892.9 | AC5: 535256.36 | AD5: 303543.09 | AE5: 462091.77 | AF5: 232146.38 | AG5: 111983.27 | AH5: 131865.67 | AI5: 163174.36 | AJ5: 130888.83 | AK5: 67880.85 | AL5: 68751.685 | AM5: 123934.61 | AN5: 61897.705 | AO5: 52345.789 | AP5: 60790.3 | AQ5: 42639.468 | AR5: 37348.415 | AS5: 9646.1915 | AT5: 14443.581 | AU5: 16433.506 | AV5: 50405.075
A6: 01/30/2026 | B6: 60335740 | C6: 4817595.6 | D6: 3199551 | E6: 2211122 | F6: 2859005.4 | G6: 2020956.4 | H6: 2022137.8 | I6: 1392133.3 | J6: 1168768.7 | K6: 804957.14 | L6: 427326.07 | M6: 844911.01 | N6: 691961.34 | O6: 435031.91 | P6: 361845.95 | Q6: 243506.45 | R6: 244709.46 | S6: 242159.99 | T6: 129811.76 | U6: 100066.37 | V6: 37810.318 | W6: 60575.243 | X6: 44149.856 | Y6: 2958492.8 | Z6: 1485077.7 | AA6: 2341202.1 | AB6: 1741516.2 | AC6: 515420.84 | AD6: 322263.37 | AE6: 421486.27 | AF6: 217043.2 | AG6: 113273.82 | AH6: 132456.79 | AI6: 157770.82 | AJ6: 109551.96 | AK6: 68068.267 | AL6: 70536.426 | AM6: 122790.25 | AN6: 66085.718 | AO6: 52796.751 | AP6: 64659.134 | AQ6: 39749.017 | AR6: 38105.579 | AS6: 9771.1839 | AT6: 14965.047 | AU6: 18715.081 | AV6: 46870.005
A7: 12/31/2025 | B7: 59605932 | C7: 4520306.4 | D7: 3044458.7 | E7: 2185028.1 | F7: 2831381.2 | G7: 1968938.2 | H7: 1989448.8 | I7: 1305495.6 | J7: 1017767.5 | K7: 757463.03 | L7: 393099.79 | M7: 804223.16 | N7: 674669.28 | O7: 408434.86 | P7: 348089.62 | Q7: 227435.12 | R7: 239060.82 | S7: 222835.61 | T7: 117747.65 | U7: 98955.862 | V7: 35537.458 | W7: 56304.305 | X7: 40748.563 | Y7: 2826397.6 | Z7: 1565068.4 | AA7: 2107424.1 | AB7: 1362125.9 | AC7: 441717.81 | AD7: 291666.57 | AE7: 389523.18 | AF7: 198297.43 | AG7: 119141.69 | AH7: 123777.89 | AI7: 147515.87 | AJ7: 102791.7 | AK7: 70350.011 | AL7: 66899.788 | AM7: 114362.19 | AN7: 58388.437 | AO7: 42698.213 | AP7: 56910.377 | AQ7: 37867.12 | AR7: 31953.38 | AS7: 7846.8317 | AT7: 15155.456 | AU7: 14685.797 | AV7: 36877.597
A8: 11/28/2025 | B8: 59677877 | C8: 4503261.2 | D8: 2944296.1 | E8: 2151342.7 | F8: 2752412.7 | G8: 1881935.3 | H8: 1906001.2 | I8: 1261501.5 | J8: 984710.15 | K8: 723846.45 | L8: 373694.88 | M8: 750358.99 | N8: 644524.07 | O8: 410987.66 | P8: 344141.28 | Q8: 225569.01 | R8: 224416.06 | S8: 209810.11 | T8: 112008.22 | U8: 95468.423 | V8: 35525.009 | W8: 52144.215 | X8: 40533.956 | Y8: 2867585.2 | Z8: 1570477.8 | AA8: 1994827.9 | AB8: 1210230.2 | AC8: 458343.87 | AD8: 293150.67 | AE8: 357175.62 | AF8: 193152.29 | AG8: 120417.77 | AH8: 116508.63 | AI8: 139747.91 | AJ8: 100142.98 | AK8: 69551.255 | AL8: 65632.809 | AM8: 105205.76 | AN8: 54492.378 | AO8: 41349.296 | AP8: 56365.226 | AQ8: 37549.001 | AR8: 31080.053 | AS8: 7737.9203 | AT8: 14814.321 | AU8: 14439.894 | AV8: 33581.97
A9: 10/31/2025 | B9: 59720187 | C9: 4512852.7 | D9: 2923170 | E9: 2154139.1 | F9: 2650496.8 | G9: 1830639.9 | H9: 1889530.5 | I9: 1320008.6 | J9: 993767.42 | K9: 719561.26 | L9: 360776.31 | M9: 718108.12 | N9: 632794.53 | O9: 404559.65 | P9: 348232.35 | Q9: 210528.07 | R9: 224969.95 | S9: 210516.79 | T9: 111557.14 | U9: 87721.61 | V9: 35794.969 | W9: 45222.908 | X9: 43245.787 | Y9: 2908972.7 | Z9: 1541234.7 | AA9: 2072156 | AB9: 1306080.4 | AC9: 421199.1 | AD9: 323334.73 | AE9: 341307.46 | AF9: 191952.25 | AG9: 113390.16 | AH9: 114978.52 | AI9: 146068.29 | AJ9: 102917.69 | AK9: 70967.047 | AL9: 67115.159 | AM9: 102904.7 | AN9: 47788.846 | AO9: 42748.772 | AP9: 58817.154 | AQ9: 37305.169 | AR9: 29315.736 | AS9: 7306.7829 | AT9: 14311.197 | AU9: 13588.442 | AV9: 33778.426
A10: 09/30/2025 | B10: 58364743 | C10: 4364760.7 | D10: 2879829.2 | E10: 2136776.3 | F10: 2645151.8 | G10: 1815384.2 | H10: 1929901.1 | I10: 1333850.9 | J10: 967071.06 | K10: 708146.95 | L10: 373024.85 | M10: 707650.38 | N10: 630073.3 | O10: 404485.71 | P10: 349446.25 | Q10: 206772.79 | R10: 209907.2 | S10: 209699.45 | T10: 117141.09 | U10: 87507.012 | V10: 35664.606 | W10: 42911.248 | X10: 41172.406 | Y10: 3025155.3 | Z10: 1477398.1 | AA10: 1886514.2 | AB10: 1064863.5 | AC10: 418449.99 | AD10: 320292.99 | AE10: 340622 | AF10: 193944.46 | AG10: 109139.06 | AH10: 114861.34 | AI10: 139941.1 | AJ10: 98643.341 | AK10: 71062.265 | AL10: 67623.971 | AM10: 98365 | AN10: 44642.667 | AO10: 44440.541 | AP10: 61502.339 | AQ10: 37283.025 | AR10: 26981.269 | AS10: 6920.5948 | AT10: 14215.936 | AU10: 12475.441 | AV10: 32834.096
A11: 08/29/2025 | B11: 56354386 | C11: 4301479.3 | D11: 2844998.3 | E11: 2077538.2 | F11: 2553347.6 | G11: 1824434.3 | H11: 1942491 | I11: 1343851.1 | J11: 854360.84 | K11: 695389.39 | L11: 381192.75 | M11: 678529.53 | N11: 620881.19 | O11: 401674.51 | P11: 350497.3 | Q11: 204145.13 | R11: 202154.59 | S11: 197981.2 | T11: 115062.9 | U11: 83610.178 | V11: 35292.364 | W11: 42269.174 | X11: 39774.264 | Y11: 2759321.8 | Z11: 1470213.6 | AA11: 1727323.4 | AB11: 965029.54 | AC11: 397285.05 | AD11: 295160.02 | AE11: 302878.65 | AF11: 176911.7 | AG11: 111624.53 | AH11: 111967.26 | AI11: 144091.34 | AJ11: 95933.981 | AK11: 68887.068 | AL11: 68946.449 | AM11: 96934.066 | AN11: 43660.726 | AO11: 44755.17 | AP11: 59780.036 | AQ11: 39402.123 | AR11: 27265.48 | AS11: 6505.0066 | AT11: 14005.734 | AU11: 11803.11 | AV11: 29107.46
A12: 07/31/2025 | B12: 55297316 | C12: 4036082.6 | D12: 2775294.9 | E12: 2062814.3 | F12: 2416653.2 | G12: 1751262.5 | H12: 1918259.2 | I12: 1303778.9 | J12: 833906.55 | K12: 661660.33 | L12: 359703.4 | M12: 640204.48 | N12: 594306.01 | O12: 393376.19 | P12: 331336.04 | Q12: 192604.57 | R12: 193721.76 | S12: 175444.39 | T12: 113807.5 | U12: 83388.146 | V12: 35459.474 | W12: 41009.517 | X12: 32234.881 | Y12: 2604749.7 | Z12: 1505728.3 | AA12: 1737157.4 | AB12: 978131.36 | AC12: 361590.54 | AD12: 302833.42 | AE12: 286241.79 | AF12: 171419.32 | AG12: 101482.68 | AH12: 109430.13 | AI12: 151245.73 | AJ12: 99239.966 | AK12: 68790.418 | AL12: 69205.563 | AM12: 101274.96 | AN12: 38220.156 | AO12: 48719.028 | AP12: 57639.123 | AQ12: 38810.736 | AR12: 26069.853 | AS12: 6158.1044 | AT12: 14816.946 | AU12: 10540.163 | AV12: 27135.705
A13: 06/30/2025 | B13: 54125871 | C13: 4093358 | D13: 2750418 | E13: 2088915.8 | F13: 2412928 | G13: 1795837 | H13: 1953741 | I13: 1296436.4 | J13: 888675.59 | K13: 684727.65 | L13: 430183.91 | M13: 625596.78 | N13: 588724.02 | O13: 375370.94 | P13: 325515.8 | Q13: 191572.67 | R13: 199741.41 | S13: 184906.99 | T13: 118904.52 | U13: 86405.972 | V13: 35754.35 | W13: 39321.025 | X13: 31837.312 | Y13: 2491576.8 | Z13: 1588046.6 | AA13: 1658753.9 | AB13: 940579.35 | AC13: 388691.92 | AD13: 306822.7 | AE13: 282720.98 | AF13: 172222.45 | AG13: 102632.33 | AH13: 112049.73 | AI13: 137899.76 | AJ13: 86787.592 | AK13: 67175.276 | AL13: 65320.121 | AM13: 100536.5 | AN13: 40196.259 | AO13: 46136.072 | AP13: 54323.559 | AQ13: 40618.784 | AR13: 25487.266 | AS13: 5510.0802 | AT13: 14871.781 | AU13: 10436.08 | AV13: 26748.245
A14: 05/30/2025 | B14: 51820347 | C14: 4032598.1 | D14: 2733984.6 | E14: 2054802.3 | F14: 2330064.2 | G14: 1783291.8 | H14: 1904556.5 | I14: 1243955.1 | J14: 843176.01 | K14: 668010.76 | L14: 432913.63 | M14: 599614.85 | N14: 578893.71 | O14: 356443.71 | P14: 311373.07 | Q14: 178863.15 | R14: 192299.5 | S14: 179404.05 | T14: 114024.63 | U14: 59808.885 | V14: 34780.138 | W14: 37953.315 | X14: 29446.518 | Y14: 2402347 | Z14: 1540532.9 | AA14: 1525491.3 | AB14: 797997.26 | AC14: 360245.68 | AD14: 293364.67 | AE14: 268686.12 | AF14: 169820.68 | AG14: 108605.47 | AH14: 109737.76 | AI14: 118448.91 | AJ14: 94686.712 | AK14: 63520.283 | AL14: 63646.287 | AM14: 85952.79 | AN14: 38186.773 | AO14: 41360.11 | AP14: 51725.107 | AQ14: 40901.888 | AR14: 24589.203 | AS14: 5507.6489 | AT14: 14049.577 | AU14: 9692.0044 | AV14: 24812.267
A15: 04/30/2025 | B15: 48732004 | C15: 3877417.5 | D15: 2632742.2 | E15: 2019746.7 | F15: 2198597.9 | G15: 1757047.2 | H15: 1828324.2 | I15: 1199419.7 | J15: 778586.65 | K15: 647491 | L15: 409447.92 | M15: 564579.43 | N15: 543983.27 | O15: 330553.05 | P15: 294348.72 | Q15: 176111.26 | R15: 183723.67 | S15: 166998.16 | T15: 108839.7 | U15: 54779.57 | V15: 33523.806 | W15: 33674.495 | X15: 28689.519 | Y15: 2346609.1 | Z15: 1524213.8 | AA15: 1355721.5 | AB15: 739911.8 | AC15: 360870.69 | AD15: 310869 | AE15: 256210.07 | AF15: 164965.03 | AG15: 99518.649 | AH15: 110416.81 | AI15: 114471.3 | AJ15: 98358.325 | AK15: 62433.487 | AL15: 63304.292 | AM15: 84214.696 | AN15: 37725.398 | AO15: 41719.253 | AP15: 46517.974 | AQ15: 40691.569 | AR15: 24260.493 | AS15: 5307.3371 | AT15: 13475.314 | AU15: 9954.8799 | AV15: 23826.947
... A133: 06/30/2015 | B133: 19403274 | C133: 2986922.1 | D133: 2647949.8 | E133: 1264496.7 | F133: 1214610.2 | G133: 1205338.7 | H133: 1160825.5 | I133: 896821.92 | J133: 361896.69 | K133: 382884.9 | L133: 216908.73 | M133: 458603.32 | N133: 314487.11 | O133: 424567.95 | P133: 187283.36 | Q133: 169147.8 | R133: 106595.07 | S133: 78725.968 | T133: 83520.398 | U133: 48177.606 | V133: 16868.131 | W133: 22660.694 | X133: 19827.697 | Y133: 994091.34 | Z133: 306252.25 | AA133: 505677.59 | AB133: 573089.41 | AC133: 301302.98 | AD133: 65334.096 | AE133: 315649.12 | AF133: 180286.47 | AG133: 93048.691 | AH133: 126500.31 | AI133: 29574.723 | AJ133: 90655.136 | AK133: 20947.578 | AL133: 38046.628 | AM133: 58378.807 | AN133: 48793.017 | AO133: 58003.912 | AP133: 13127.887 | AQ133: 54319.156 | AR133: 8404.7208 | AS133: 8125.7231 | AT133: 7117.1415 | AU133: 23430.064 | AV133: 16138.35
A134: 05/29/2015 | B134: 19699064 | C134: 3035177.2 | D134: 2723308.5 | E134: 1290477.2 | F134: 1249076.8 | G134: 1251363.9 | H134: 1183230.1 | I134: 936072.89 | J134: 368495.48 | K134: 397836.76 | L134: 225013.06 | M134: 462161.51 | N134: 319403.68 | O134: 437385.08 | P134: 189138.94 | Q134: 170468.11 | R134: 109597.67 | S134: 76849.637 | T134: 87388.139 | U134: 47375.977 | V134: 18451.55 | W134: 27218.153 | X134: 20301.89 | Y134: 1018796 | Z134: 280535.7 | AA134: 522470.82 | AB134: 590388.7 | AC134: 293120.6 | AD134: #N/A | AE134: 298729.54 | AF134: 184666.97 | AG134: 98830.997 | AH134: 133770.15 | AI134: 25101.853 | AJ134: 89429.303 | AK134: 20581.779 | AL134: 30316.529 | AM134: 60033.555 | AN134: 56416.983 | AO134: 58854.075 | AP134: 13828.68 | AQ134: 51963.55 | AR134: 8981.2096 | AS134: 9101.3405 | AT134: 7274.3239 | AU134: 25057.731 | AV134: 16612.21
A135: 04/30/2015 | B135: 19495784 | C135: 2997691.4 | D135: 2740503.1 | E135: 1327315.4 | F135: 1318212.4 | G135: 1240006.6 | H135: 1232612.1 | I135: 966092.08 | J135: 367091.19 | K135: 404649.19 | L135: 226859.67 | M135: 479732.54 | N135: 317058.89 | O135: 445562.66 | P135: 200423.59 | Q135: 173009.84 | R135: 109759.9 | S135: 77110.339 | T135: 91444.753 | U135: 47293.662 | V135: 19759.308 | W135: 28190.448 | X135: 21727.07 | Y135: 1052498.9 | Z135: 273120.54 | AA135: 523436.73 | AB135: 623906.17 | AC135: 332129.62 | AD135: #N/A | AE135: 325946.15 | AF135: 184554.68 | AG135: 96692.154 | AH135: 143222.34 | AI135: 26925.762 | AJ135: 93045.787 | AK135: 22013.016 | AL135: 32149.474 | AM135: 64610.523 | AN135: 57498.318 | AO135: 59110.69 | AP135: 13951.219 | AQ135: 52733.014 | AR135: 9652.6208 | AS135: 9171.0596 | AT135: 8222.9283 | AU135: 28558.242 | AV135: 17800.858
A136: 03/31/2015 | B136: 19347148 | C136: 2895335.2 | D136: 2573740.1 | E136: 1267641.8 | F136: 1234751.2 | G136: 1204825.8 | H136: 1239575.9 | I136: 951494.69 | J136: 355037.94 | K136: 400763.65 | L136: 214817.08 | M136: 463660.08 | N136: 304748.62 | O136: 409352.8 | P136: 189500.4 | Q136: 170513.34 | R136: 113460.76 | S136: 77862.459 | T136: 82632.027 | U136: 44433.164 | V136: 19040.048 | W136: 25541.103 | X136: 19619.588 | Y136: 901882.37 | Z136: 291664.72 | AA136: 500587.19 | AB136: 585011 | AC136: 285594.46 | AD136: #N/A | AE136: 310468.95 | AF136: 183451.04 | AG136: 107928.69 | AH136: 137881.64 | AI136: 23489.962 | AJ136: 93694.68 | AK136: 21146.802 | AL136: 31370.624 | AM136: 58496.756 | AN136: 54942.024 | AO136: 59048.9 | AP136: 12840.104 | AQ136: 54225.907 | AR136: 7997.9921 | AS136: 9426.4726 | AT136: 7860.9545 | AU136: 24665.844 | AV136: 16236.575
A137: 02/27/2015 | B137: 19804276 | C137: 2866117.8 | D137: 2747575.3 | E137: 1297493.4 | F137: 1276399.4 | G137: 1219808.2 | H137: 1232365.7 | I137: 980697.38 | J137: 361978.12 | K137: 418404.12 | L137: 208182.48 | M137: 449658.68 | N137: 305283.52 | O137: 407128.52 | P137: 190529.86 | Q137: 177319.62 | R137: 116905.8 | S137: 70353.68 | T137: 87212.979 | U137: 47165.146 | V137: 20052.504 | W137: 26604.534 | X137: 19972.49 | Y137: 880636 | Z137: 299004.37 | AA137: 503834.6 | AB137: 576226.24 | AC137: 322556.98 | AD137: #N/A | AE137: 315802.76 | AF137: 189334.93 | AG137: 106431 | AH137: 138087.77 | AI137: 25229.965 | AJ137: 95711.11 | AK137: 23808.677 | AL137: 33299.061 | AM137: 59066.884 | AN137: 55288.094 | AO137: 62144.799 | AP137: 15403.383 | AQ137: 52843.179 | AR137: 7441.5779 | AS137: 9505.2614 | AT137: 8050.9516 | AU137: 26857.578 | AV137: 17004.247
A138: 01/30/2015 | B138: 18741453 | C138: 2702908.7 | D138: 2595694.9 | E138: 1217893 | F138: 1205902.1 | G138: 1166577.8 | H138: 1158727.1 | I138: 917548.21 | J138: 339830.69 | K138: 391678.45 | L138: 192023.17 | M138: 419657.97 | N138: 281693.35 | O138: 409404.13 | P138: 190708.91 | Q138: 168586.16 | R138: 112578.63 | S138: 70626.023 | T138: 81955.615 | U138: 39680.338 | V138: 19218.192 | W138: 22860.472 | X138: 18118.713 | Y138: 852998.86 | Z138: 293649.84 | AA138: 485691 | AB138: 573852.87 | AC138: 315452.77 | AD138: #N/A | AE138: 313751.75 | AF138: 176412.64 | AG138: 104181.43 | AH138: 133750.53 | AI138: 23219.805 | AJ138: 95209.434 | AK138: 22809.575 | AL138: 32098.828 | AM138: 58059.989 | AN138: 52135.522 | AO138: 68373.58 | AP138: 12857.122 | AQ138: 52169.009 | AR138: 6543.1487 | AS138: 9992.6457 | AT138: 7578.4797 | AU138: 27801.296 | AV138: 16484.75
A139: 12/31/2014 | B139: 19315328 | C139: 2641324.2 | D139: 2624864 | E139: 1206115.1 | F139: 1318442.4 | G139: 1158831.5 | H139: 1140685.7 | I139: 934139.04 | J139: 343135.75 | K139: 383368.93 | L139: 188448.3 | M139: 437981.37 | N139: 281350.45 | O139: 387945.4 | P139: 194985.23 | Q139: 161516.39 | R139: 111359.03 | S139: 71905.161 | T139: 80971.96 | U139: 41283.263 | V139: 19745.927 | W139: 24827.582 | X139: 18290.609 | Y139: 831010.74 | Z139: 272130.47 | AA139: 480621.02 | AB139: 558590.4 | AC139: 337816.11 | AD139: #N/A | AE139: 300304.11 | AF139: 187719.12 | AG139: 105411.09 | AH139: 137238.7 | AI139: 24616.235 | AJ139: 92124.674 | AK139: 22710.154 | AL139: 33759.177 | AM139: 60307.05 | AN139: 54368.861 | AO139: 68910.191 | AP139: 18228.817 | AQ139: 48769.065 | AR139: 7014.8661 | AS139: 9420.5495 | AT139: 8113.8127 | AU139: 30664.424 | AV139: 17372.76
A140: 11/28/2014 | B140: 19411290 | C140: 2682988.9 | D140: 2696171.3 | E140: 1266958.8 | F140: 1352795.9 | G140: 1215628.8 | H140: 1193423.8 | I140: 951086.07 | J140: 355261.02 | K140: 401081.15 | L140: 200357.4 | M140: 472309.11 | N140: 306249.61 | O140: 404757.84 | P140: 196681.51 | Q140: 166582.95 | R140: 116669.48 | S140: 72157.269 | T140: 86733.445 | U140: 42523.305 | V140: 19173.818 | W140: 27697.922 | X140: 20443.706 | Y140: 812887.8 | Z140: 289445.44 | AA140: 490856.31 | AB140: 576956.04 | AC140: 381135.86 | AD140: #N/A | AE140: 312403.61 | AF140: 203426.89 | AG140: 105981.66 | AH140: 146861.52 | AI140: 29662.964 | AJ140: 99231.775 | AK140: 24278.977 | AL140: 36389.472 | AM140: 66275.601 | AN140: 56772.22 | AO140: 73325.814 | AP140: 22402.025 | AQ140: 48763.584 | AR140: 7821.2538 | AS140: 9706.4539 | AT140: 8799.3102 | AU140: 33272.213 | AV140: 17976.592
A141: 10/31/2014 | B141: 18864974 | C141: 2672592.7 | D141: 2672672 | E141: 1218457.6 | F141: 1344026.8 | G141: 1176651.7 | H141: 1109691.5 | I141: 1020391.9 | J141: 343360.45 | K141: 387588.97 | L141: 197031.69 | M141: 448869.62 | N141: 306356.57 | O141: 400786.35 | P141: 190990.94 | Q141: 158173.77 | R141: 113080.86 | S141: 70380.467 | T141: 98373.004 | U141: 39602.25 | V141: 16725.724 | W141: 26983.331 | X141: 21715.199 | Y141: 792547.15 | Z141: 289248.55 | AA141: 483894.82 | AB141: 574297.57 | AC141: 406117.5 | AD141: #N/A | AE141: 309696.33 | AF141: 213770.58 | AG141: 105221.02 | AH141: 154741.07 | AI141: 21404.508 | AJ141: 93030.435 | AK141: 26830.358 | AL141: 24865.631 | AM141: 66029.374 | AN141: 57280.998 | AO141: 67857.841 | AP141: 21822.612 | AQ141: 48285.433 | AR141: 7819.4209 | AS141: 9587.4735 | AT141: 8600.9712 | AU141: 38353.729 | AV141: 17463.433
A142: 09/30/2014 | B142: 18449347 | C142: 2703104.9 | D142: 2745399.7 | E142: 1275295.3 | F142: 1386702.3 | G142: 1185446.8 | H142: 1132614.8 | I142: 969259.41 | J142: 351128.99 | K142: 393773.27 | L142: 201864.25 | M142: 467246.97 | N142: 325326.2 | O142: 375517.36 | P142: 193484.82 | Q142: 161465.1 | R142: 113616.87 | S142: 71183.418 | T142: 109211.35 | U142: 40545.552 | V142: 16864.435 | W142: 27677.842 | X142: 23758.619 | Y142: 759697.44 | Z142: 278624.72 | AA142: 471948.33 | AB142: 593004.12 | AC142: 406041.18 | AD142: #N/A | AE142: 291380.57 | AF142: 214859.14 | AG142: 105043.15 | AH142: 154833.7 | AI142: 23989.98 | AJ142: 93507.813 | AK142: 27906.645 | AL142: 25193.922 | AM142: 68548.36 | AN142: 57676.253 | AO142: 61436.194 | AP142: 25643.346 | AQ142: 48550.76 | AR142: 8045.1761 | AS142: 10306.922 | AT142: 9657.3067 | AU142: 39900.919 | AV142: 17545.453
A143: 08/29/2014 | B143: 18836333 | C143: 2735110.3 | D143: 2894907.8 | E143: 1319663.2 | F143: 1484624.7 | G143: 1217366 | H143: 1182438.3 | I143: 1094849.9 | J143: 355663.21 | K143: 403427.66 | L143: 197513.94 | M143: 480025.9 | N143: 330947.58 | O143: 406239.26 | P143: 201600.48 | Q143: 164024.93 | R143: 116598.09 | S143: 70011.161 | T143: 116624.99 | U143: 40309.981 | V143: 18272.861 | W143: 30544.501 | X143: 26315.002 | Y143: 810821.26 | Z143: 284646.28 | AA143: 507554.92 | AB143: 644859.92 | AC143: 503418.76 | AD143: #N/A | AE143: 318147.78 | AF143: 223210.8 | AG143: 107760.86 | AH143: 161859.07 | AI143: 22800.963 | AJ143: 96523.016 | AK143: 27966.959 | AL143: 19058.759 | AM143: 64878.21 | AN143: 59077.784 | AO143: 69925.447 | AP143: 29375.169 | AQ143: 41661.171 | AR143: 8181.6007 | AS143: 9706.4232 | AT143: 9336.47 | AU143: 43125.936 | AV143: 18753.778
A144: 07/31/2014 | B144: 18140721 | C144: 2796473.2 | D144: 2899139.1 | E144: 1305176.4 | F144: 1452826.4 | G144: 1191455.2 | H144: 1193118.7 | I144: 1090639 | J144: 349075.69 | K144: 404398.68 | L144: 200300.46 | M144: 486550.05 | N144: 338568.99 | O144: 411323.18 | P144: 204103.89 | Q144: 159968.33 | R144: 116126.33 | S144: 72232.901 | T144: 114748.76 | U144: 39168.985 | V144: 18475.542 | W144: 31243.993 | X144: 26719.171 | Y144: 809300.36 | Z144: 277857.45 | AA144: 492929.26 | AB144: 650069.1 | AC144: 454459.46 | AD144: #N/A | AE144: 312760.11 | AF144: 212671.46 | AG144: 109277.27 | AH144: 160453.53 | AI144: 22812.885 | AJ144: 92024.292 | AK144: 27647.289 | AL144: 18842.699 | AM144: 63830.818 | AN144: 59370.023 | AO144: 72411.546 | AP144: 29423.572 | AQ144: 40626.261 | AR144: 8195.7321 | AS144: 8935.5121 | AT144: 8929.5668 | AU144: 42250.167 | AV144: 17734.992
A145: 06/30/2014 | B145: 18434298 | C145: 2777432.4 | D145: 2941477.4 | E145: 1389218.1 | F145: 1456263.3 | G145: 1240823.9 | H145: 1275256 | I145: 1060298 | J145: 368634.25 | K145: 417672.22 | L145: 205234.23 | M145: 504181.05 | N145: 357778.33 | O145: 388940.51 | P145: 196241.42 | Q145: 166725.91 | R145: 116924.87 | S145: 71551.153 | T145: 119252.7 | U145: 40625.523 | V145: 18788.962 | W145: 36580.513 | X145: 24908.216 | Y145: 752702.97 | Z145: 280879.43 | AA145: 498875.44 | AB145: 638562.91 | AC145: 446638.6 | AD145: #N/A | AE145: 307954.65 | AF145: 210106.71 | AG145: 101107.59 | AH145: 160551.99 | AI145: 19516.963 | AJ145: 90048.187 | AK145: 27004.184 | AL145: 16764.989 | AM145: 68108.576 | AN145: 62509.086 | AO145: 69669.891 | AP145: 32097.774 | AQ145: 40336.874 | AR145: 9229.725 | AS145: 8012.2232 | AT145: 9707.6668 | AU145: 42285.031 | AV145: 17850.775
... A245: 02/28/2006 | B245: 11852570 | C245: 2746239.1 | D245: 2585029.8 | E245: 1018047 | F245: 817448.78 | G245: 739049.78 | H245: 753553.28 | I245: 560748.75 | J245: 372163.43 | K245: 249851.03 | L245: 71246.104 | M245: 414898.09 | N245: 410955.26 | O245: 178048.25 | P245: 91860.228 | Q245: 127294.43 | R245: 158899.2 | S245: 57853.753 | T245: 81289.014 | U245: 87637.771 | V245: 18112.888 | W245: 48379.489 | X245: 31984.911 | Y245: 148696.61 | Z245: 108524.66 | AA245: 245153.06 | AB245: 322610.21 | AC245: 213557.8 | AD245: #N/A | AE245: 179842.02 | AF245: 110830.16 | AG245: 26345.358 | AH245: 50689.298 | AI245: 33176.007 | AJ245: 33266.463 | AK245: 37670.767 | AL245: 13034.737 | AM245: 30104.127 | AN245: 29911.294 | AO245: 45124.006 | AP245: 74109.767 | AQ245: 8065.4087 | AR245: 22619.189 | AS245: 15415.381 | AT245: 15868.942 | AU245: 7033.0005 | AV245: 9190.7428
A246: 01/31/2006 | B246: #N/A | C246: #N/A | D246: #N/A | E246: #N/A | F246: #N/A | G246: #N/A | H246: #N/A | I246: #N/A | J246: #N/A | K246: #N/A | L246: #N/A | M246: #N/A | N246: #N/A | O246: #N/A | P246: #N/A | Q246: #N/A | R246: #N/A | S246: #N/A | T246: #N/A | U246: #N/A | V246: #N/A | W246: #N/A | X246: #N/A | Y246: #N/A | Z246: #N/A | AA246: #N/A | AB246: #N/A | AC246: #N/A | AD246: #N/A | AE246: #N/A | AF246: #N/A | AG246: #N/A | AH246: #N/A | AI246: #N/A | AJ246: #N/A | AK246: #N/A | AL246: #N/A | AM246: #N/A | AN246: #N/A | AO246: #N/A | AP246: #N/A | AQ246: #N/A | AR246: #N/A | AS246: #N/A | AT246: #N/A | AU246: #N/A | AV246: #N/A
A247: 12/30/2005 | B247: #N/A | C247: #N/A | D247: #N/A | E247: #N/A | F247: #N/A | G247: #N/A | H247: #N/A | I247: #N/A | J247: #N/A | K247: #N/A | L247: #N/A | M247: #N/A | N247: #N/A | O247: #N/A | P247: #N/A | Q247: #N/A | R247: #N/A | S247: #N/A | T247: #N/A | U247: #N/A | V247: #N/A | W247: #N/A | X247: #N/A | Y247: #N/A | Z247: #N/A | AA247: #N/A | AB247: #N/A | AC247: #N/A | AD247: #N/A | AE247: #N/A | AF247: #N/A | AG247: #N/A | AH247: #N/A | AI247: #N/A | AJ247: #N/A | AK247: #N/A | AL247: #N/A | AM247: #N/A | AN247: #N/A | AO247: #N/A | AP247: #N/A | AQ247: #N/A | AR247: #N/A | AS247: #N/A | AT247: #N/A | AU247: #N/A | AV247: #N/A
A248: 11/30/2005 | B248: #N/A | C248: #N/A | D248: #N/A | E248: #N/A | F248: #N/A | G248: #N/A | H248: #N/A | I248: #N/A | J248: #N/A | K248: #N/A | L248: #N/A | M248: #N/A | N248: #N/A | O248: #N/A | P248: #N/A | Q248: #N/A | R248: #N/A | S248: #N/A | T248: #N/A | U248: #N/A | V248: #N/A | W248: #N/A | X248: #N/A | Y248: #N/A | Z248: #N/A | AA248: #N/A | AB248: #N/A | AC248: #N/A | AD248: #N/A | AE248: #N/A | AF248: #N/A | AG248: #N/A | AH248: #N/A | AI248: #N/A | AJ248: #N/A | AK248: #N/A | AL248: #N/A | AM248: #N/A | AN248: #N/A | AO248: #N/A | AP248: #N/A | AQ248: #N/A | AR248: #N/A | AS248: #N/A | AT248: #N/A | AU248: #N/A | AV248: #N/A
A249: 10/31/2005 | B249: #N/A | C249: #N/A | D249: #N/A | E249: #N/A | F249: #N/A | G249: #N/A | H249: #N/A | I249: #N/A | J249: #N/A | K249: #N/A | L249: #N/A | M249: #N/A | N249: #N/A | O249: #N/A | P249: #N/A | Q249: #N/A | R249: #N/A | S249: #N/A | T249: #N/A | U249: #N/A | V249: #N/A | W249: #N/A | X249: #N/A | Y249: #N/A | Z249: #N/A | AA249: #N/A | AB249: #N/A | AC249: #N/A | AD249: #N/A | AE249: #N/A | AF249: #N/A | AG249: #N/A | AH249: #N/A | AI249: #N/A | AJ249: #N/A | AK249: #N/A | AL249: #N/A | AM249: #N/A | AN249: #N/A | AO249: #N/A | AP249: #N/A | AQ249: #N/A | AR249: #N/A | AS249: #N/A | AT249: #N/A | AU249: #N/A | AV249: #N/A
A250: 09/30/2005 | B250: #N/A | C250: #N/A | D250: #N/A | E250: #N/A | F250: #N/A | G250: #N/A | H250: #N/A | I250: #N/A | J250: #N/A | K250: #N/A | L250: #N/A | M250: #N/A | N250: #N/A | O250: #N/A | P250: #N/A | Q250: #N/A | R250: #N/A | S250: #N/A | T250: #N/A | U250: #N/A | V250: #N/A | W250: #N/A | X250: #N/A | Y250: #N/A | Z250: #N/A | AA250: #N/A | AB250: #N/A | AC250: #N/A | AD250: #N/A | AE250: #N/A | AF250: #N/A | AG250: #N/A | AH250: #N/A | AI250: #N/A | AJ250: #N/A | AK250: #N/A | AL250: #N/A | AM250: #N/A | AN250: #N/A | AO250: #N/A | AP250: #N/A | AQ250: #N/A | AR250: #N/A | AS250: #N/A | AT250: #N/A | AU250: #N/A | AV250: #N/A
A251: 08/31/2005 | B251: #N/A | C251: #N/A | D251: #N/A | E251: #N/A | F251: #N/A | G251: #N/A | H251: #N/A | I251: #N/A | J251: #N/A | K251: #N/A | L251: #N/A | M251: #N/A | N251: #N/A | O251: #N/A | P251: #N/A | Q251: #N/A | R251: #N/A | S251: #N/A | T251: #N/A | U251: #N/A | V251: #N/A | W251: #N/A | X251: #N/A | Y251: #N/A | Z251: #N/A | AA251: #N/A | AB251: #N/A | AC251: #N/A | AD251: #N/A | AE251: #N/A | AF251: #N/A | AG251: #N/A | AH251: #N/A | AI251: #N/A | AJ251: #N/A | AK251: #N/A | AL251: #N/A | AM251: #N/A | AN251: #N/A | AO251: #N/A | AP251: #N/A | AQ251: #N/A | AR251: #N/A | AS251: #N/A | AT251: #N/A | AU251: #N/A | AV251: #N/A
A252: 07/29/2005 | B252: #N/A | C252: #N/A | D252: #N/A | E252: #N/A | F252: #N/A | G252: #N/A | H252: #N/A | I252: #N/A | J252: #N/A | K252: #N/A | L252: #N/A | M252: #N/A | N252: #N/A | O252: #N/A | P252: #N/A | Q252: #N/A | R252: #N/A | S252: #N/A | T252: #N/A | U252: #N/A | V252: #N/A | W252: #N/A | X252: #N/A | Y252: #N/A | Z252: #N/A | AA252: #N/A | AB252: #N/A | AC252: #N/A | AD252: #N/A | AE252: #N/A | AF252: #N/A | AG252: #N/A | AH252: #N/A | AI252: #N/A | AJ252: #N/A | AK252: #N/A | AL252: #N/A | AM252: #N/A | AN252: #N/A | AO252: #N/A | AP252: #N/A | AQ252: #N/A | AR252: #N/A | AS252: #N/A | AT252: #N/A | AU252: #N/A | AV252: #N/A
A253: 06/30/2005 | B253: #N/A | C253: #N/A | D253: #N/A | E253: #N/A | F253: #N/A | G253: #N/A | H253: #N/A | I253: #N/A | J253: #N/A | K253: #N/A | L253: #N/A | M253: #N/A | N253: #N/A | O253: #N/A | P253: #N/A | Q253: #N/A | R253: #N/A | S253: #N/A | T253: #N/A | U253: #N/A | V253: #N/A | W253: #N/A | X253: #N/A | Y253: #N/A | Z253: #N/A | AA253: #N/A | AB253: #N/A | AC253: #N/A | AD253: #N/A | AE253: #N/A | AF253: #N/A | AG253: #N/A | AH253: #N/A | AI253: #N/A | AJ253: #N/A | AK253: #N/A | AL253: #N/A | AM253: #N/A | AN253: #N/A | AO253: #N/A | AP253: #N/A | AQ253: #N/A | AR253: #N/A | AS253: #N/A | AT253: #N/A | AU253: #N/A | AV253: #N/A
A254: 05/31/2005 | B254: #N/A | C254: #N/A | D254: #N/A | E254: #N/A | F254: #N/A | G254: #N/A | H254: #N/A | I254: #N/A | J254: #N/A | K254: #N/A | L254: #N/A | M254: #N/A | N254: #N/A | O254: #N/A | P254: #N/A | Q254: #N/A | R254: #N/A | S254: #N/A | T254: #N/A | U254: #N/A | V254: #N/A | W254: #N/A | X254: #N/A | Y254: #N/A | Z254: #N/A | AA254: #N/A | AB254: #N/A | AC254: #N/A | AD254: #N/A | AE254: #N/A | AF254: #N/A | AG254: #N/A | AH254: #N/A | AI254: #N/A | AJ254: #N/A | AK254: #N/A | AL254: #N/A | AM254: #N/A | AN254: #N/A | AO254: #N/A | AP254: #N/A | AQ254: #N/A | AR254: #N/A | AS254: #N/A | AT254: #N/A | AU254: #N/A | AV254: #N/A
A255: 04/29/2005 | B255: #N/A | C255: #N/A | D255: #N/A | E255: #N/A | F255: #N/A | G255: #N/A | H255: #N/A | I255: #N/A | J255: #N/A | K255: #N/A | L255: #N/A | M255: #N/A | N255: #N/A | O255: #N/A | P255: #N/A | Q255: #N/A | R255: #N/A | S255: #N/A | T255: #N/A | U255: #N/A | V255: #N/A | W255: #N/A | X255: #N/A | Y255: #N/A | Z255: #N/A | AA255: #N/A | AB255: #N/A | AC255: #N/A | AD255: #N/A | AE255: #N/A | AF255: #N/A | AG255: #N/A | AH255: #N/A | AI255: #N/A | AJ255: #N/A | AK255: #N/A | AL255: #N/A | AM255: #N/A | AN255: #N/A | AO255: #N/A | AP255: #N/A | AQ255: #N/A | AR255: #N/A | AS255: #N/A | AT255: #N/A | AU255: #N/A | AV255: #N/A
A256: 03/31/2005 | B256: #N/A | C256: #N/A | D256: #N/A | E256: #N/A | F256: #N/A | G256: #N/A | H256: #N/A | I256: #N/A | J256: #N/A | K256: #N/A | L256: #N/A | M256: #N/A | N256: #N/A | O256: #N/A | P256: #N/A | Q256: #N/A | R256: #N/A | S256: #N/A | T256: #N/A | U256: #N/A | V256: #N/A | W256: #N/A | X256: #N/A | Y256: #N/A | Z256: #N/A | AA256: #N/A | AB256: #N/A | AC256: #N/A | AD256: #N/A | AE256: #N/A | AF256: #N/A | AG256: #N/A | AH256: #N/A | AI256: #N/A | AJ256: #N/A | AK256: #N/A | AL256: #N/A | AM256: #N/A | AN256: #N/A | AO256: #N/A | AP256: #N/A | AQ256: #N/A | AR256: #N/A | AS256: #N/A | AT256: #N/A | AU256: #N/A | AV256: #N/A
A257: 02/28/2005 | B257: #N/A | C257: #N/A | D257: #N/A | E257: #N/A | F257: #N/A | G257: #N/A | H257: #N/A | I257: #N/A | J257: #N/A | K257: #N/A | L257: #N/A | M257: #N/A | N257: #N/A | O257: #N/A | P257: #N/A | Q257: #N/A | R257: #N/A | S257: #N/A | T257: #N/A | U257: #N/A | V257: #N/A | W257: #N/A | X257: #N/A | Y257: #N/A | Z257: #N/A | AA257: #N/A | AB257: #N/A | AC257: #N/A | AD257: #N/A | AE257: #N/A | AF257: #N/A | AG257: #N/A | AH257: #N/A | AI257: #N/A | AJ257: #N/A | AK257: #N/A | AL257: #N/A | AM257: #N/A | AN257: #N/A | AO257: #N/A | AP257: #N/A | AQ257: #N/A | AR257: #N/A | AS257: #N/A | AT257: #N/A | AU257: #N/A | AV257: #N/A
... A318: 01/31/2000 | B318: #N/A | C318: #N/A | D318: #N/A | E318: #N/A | F318: #N/A | G318: #N/A | H318: #N/A | I318: #N/A | J318: #N/A | K318: #N/A | L318: #N/A | M318: #N/A | N318: #N/A | O318: #N/A | P318: #N/A | Q318: #N/A | R318: #N/A | S318: #N/A | T318: #N/A | U318: #N/A | V318: #N/A | W318: #N/A | X318: #N/A | Y318: #N/A | Z318: #N/A | AA318: #N/A | AB318: #N/A | AC318: #N/A | AD318: #N/A | AE318: #N/A | AF318: #N/A | AG318: #N/A | AH318: #N/A | AI318: #N/A | AJ318: #N/A | AK318: #N/A | AL318: #N/A | AM318: #N/A | AN318: #N/A | AO318: #N/A | AP318: #N/A | AQ318: #N/A | AR318: #N/A | AS318: #N/A | AT318: #N/A | AU318: #N/A | AV318: #N/A
H319: 42551 | I319: 2724620.4 | J319: 2294044.5
H320: 42521 | I320: 2773709.4 | J320: 2345751.9
H321: 42489 | I321: 2802405.7 | J321: 2369528.4
H322: 42460 | I322: 2678106.3 | J322: 2298292.3
H323: 42429 | I323: 2580993.8 | J323: 2193808
H324: 42398 | I324: 2654674.6 | J324: 2242049.6
H325: 42369 | I325: 2892735.3 | J325: 2392216.1
H326: 42338 | I326: 2883741.4 | J326: 2479375.3
H327: 42307 | I327: 2900901.6 | J327: 2542415.1
H328: 42277 | I328: 2635456.9 | J328: 2375613.8
H329: 42247 | I329: 2830407.3 | J329: 2475187.6
H330: 42216 | I330: 3005700.8 | J330: 2691490
... H396: 40207 | I396: 2162248 | J396: 2099756.5

Sheet FREE_FLOAT_MC
A1: FREE_FLOAT_MC | B1: 미국 | C1: 일본 | D1: 영국 | E1: 프랑스 | F1: 캐나다 | G1: 스위스 | H1: 독일 | I1: 호주 | J1: 네덜란드 | K1: 스웨덴 | L1: 덴마크 | M1: 스페인 | N1: 이탈리아 | O1: 홍콩 | P1: 싱가포르 | Q1: 벨기에 | R1: 핀란드 | S1: 이스라엘 | T1: 노르웨이 | U1: 아일랜드 | V1: 뉴질랜드 | W1: 오스트리아 | X1: 포르투갈 | Y1: 중국 | Z1: 인도 | AA1: 대만 | AB1: 한국 | AC1: 브라질 | AD1: 사우디아라비아 | AE1: 남아프리카공화국 | AF1: 멕시코 | AG1: 인도네시아 | AH1: 말레이시아 | AI1: 아랍에미리트 | AJ1: 태국 | AK1: 쿠웨이트 | AL1: 카타르 | AM1: 폴란드 | AN1: 칠레 | AO1: 튀르키예 | AP1: 그리스 | AQ1: 필리핀 | AR1: 헝가리 | AS1: 이집트 | AT1: 체코 | AU1: 콜롬비아 | AV1: 페루
A2: USD Millions (추정) | B2: USA | C2: Japan | D2: UK | E2: France | F2: Canada | G2: Switzerland | H2: Germany | I2: Australia | J2: Netherlands | K2: Sweden | L2: Denmark | M2: Spain | N2: Italy | O2: Hong Kong | P2: Singapore | Q2: Belgium | R2: Finland | S2: Israel | T2: Norway | U2: Ireland | V2: New Zealand | W2: Austria | X2: Portugal | Y2: China | Z2: India | AA2: Taiwan | AB2: Korea | AC2: Brazil | AD2: Saudi Arabia | AE2: South Africa | AF2: Mexico | AG2: Indonesia | AH2: Malaysia | AI2: UAE | AJ2: Thailand | AK2: Kuwait | AL2: Qatar | AM2: Poland | AN2: Chile | AO2: Turkey | AP2: Greece | AQ2: Philippines | AR2: Hungary | AS2: Egypt | AT2: Czech Republic | AU2: Colombia | AV2: Peru
A3: Date | B3: FF=93% | C3: FF=72% | D3: FF=88% | E3: FF=82% | F3: FF=87% | G3: FF=85% | H3: FF=80% | I3: FF=85% | J3: FF=88% | K3: FF=82% | L3: FF=78% | M3: FF=75% | N3: FF=70% | O3: FF=80% | P3: FF=78% | Q3: FF=72% | R3: FF=78% | S3: FF=80% | T3: FF=70% | U3: FF=85% | V3: FF=80% | W3: FF=65% | X3: FF=68% | Y3: FF=35% | Z3: FF=50% | AA3: FF=55% | AB3: FF=62% | AC3: FF=55% | AD3: FF=30% | AE3: FF=60% | AF3: FF=55% | AG3: FF=48% | AH3: FF=55% | AI3: FF=35% | AJ3: FF=55% | AK3: FF=40% | AL3: FF=30% | AM3: FF=60% | AN3: FF=50% | AO3: FF=50% | AP3: FF=55% | AQ3: FF=42% | AR3: FF=55% | AS3: FF=40% | AT3: FF=55% | AU3: FF=45% | AV3: FF=50%
A4: 03/17/2026 | B4: =MARKET_CAP!B4*CONFIG!$F$2*0.85 -> #NAME? | C4: =MARKET_CAP!C4*CONFIG!$F$3*0.85 -> #NAME? | D4: =MARKET_CAP!D4*CONFIG!$F$4*0.85 -> #NAME? | E4: =MARKET_CAP!E4*CONFIG!$F$5*0.85 -> #NAME? | F4: =MARKET_CAP!F4*CONFIG!$F$6*0.85 -> #NAME? | G4: =MARKET_CAP!G4*CONFIG!$F$7*0.85 -> #NAME? | H4: =MARKET_CAP!H4*CONFIG!$F$8*0.85 -> #NAME? | I4: =MARKET_CAP!I4*CONFIG!$F$9*0.85 -> #NAME? | J4: =MARKET_CAP!J4*CONFIG!$F$10*0.85 -> #NAME? | K4: =MARKET_CAP!K4*CONFIG!$F$11*0.85 -> #NAME? | L4: =MARKET_CAP!L4*CONFIG!$F$12*0.85 -> #NAME? | M4: =MARKET_CAP!M4*CONFIG!$F$13*0.85 -> #NAME? | N4: =MARKET_CAP!N4*CONFIG!$F$14*0.85 -> #NAME? | O4: =MARKET_CAP!O4*CONFIG!$F$15*0.85 -> #NAME? | P4: =MARKET_CAP!P4*CONFIG!$F$16*0.85 -> #NAME? | Q4: =MARKET_CAP!Q4*CONFIG!$F$17*0.85 -> #NAME? | R4: =MARKET_CAP!R4*CONFIG!$F$18*0.85 -> #NAME? | S4: =MARKET_CAP!S4*CONFIG!$F$19*0.85 -> #NAME? | T4: =MARKET_CAP!T4*CONFIG!$F$20*0.85 -> #NAME? | U4: =MARKET_CAP!U4*CONFIG!$F$21*0.85 -> #NAME? | V4: =MARKET_CAP!V4*CONFIG!$F$22*0.85 -> #NAME? | W4: =MARKET_CAP!W4*CONFIG!$F$23*0.85 -> #NAME? | X4: =MARKET_CAP!X4*CONFIG!$F$24*0.85 -> #NAME? | Y4: =MARKET_CAP!Y4*CONFIG!$F$25*0.85 -> #NAME? | Z4: =MARKET_CAP!Z4*CONFIG!$F$26*0.85 -> #NAME? | AA4: =MARKET_CAP!AA4*CONFIG!$F$27*0.85 -> #NAME? | AB4: =MARKET_CAP!AB4*CONFIG!$F$28*0.85 -> #NAME? | AC4: =MARKET_CAP!AC4*CONFIG!$F$29*0.85 -> #NAME? | AD4: =MARKET_CAP!AD4*CONFIG!$F$30*0.85 -> #NAME? | AE4: =MARKET_CAP!AE4*CONFIG!$F$31*0.85 -> #NAME? | AF4: =MARKET_CAP!AF4*CONFIG!$F$32*0.85 -> #NAME? | AG4: =MARKET_CAP!AG4*CONFIG!$F$33*0.85 -> #NAME? | AH4: =MARKET_CAP!AH4*CONFIG!$F$34*0.85 -> #NAME? | AI4: =MARKET_CAP!AI4*CONFIG!$F$35*0.85 -> #NAME? | AJ4: =MARKET_CAP!AJ4*CONFIG!$F$36*0.85 -> #NAME? | AK4: =MARKET_CAP!AK4*CONFIG!$F$37*0.85 -> #NAME? | AL4: =MARKET_CAP!AL4*CONFIG!$F$38*0.85 -> #NAME? | AM4: =MARKET_CAP!AM4*CONFIG!$F$39*0.85 -> #NAME? | AN4: =MARKET_CAP!AN4*CONFIG!$F$40*0.85 -> #NAME? | AO4: =MARKET_CAP!AO4*CONFIG!$F$41*0.85 -> #NAME? | AP4: =MARKET_CAP!AP4*CONFIG!$F$42*0.85 -> #NAME? | AQ4: =MARKET_CAP!AQ4*CONFIG!$F$43*0.85 -> #NAME? | AR4: =MARKET_CAP!AR4*CONFIG!$F$44*0.85 -> #NAME? | AS4: =MARKET_CAP!AS4*CONFIG!$F$45*0.85 -> #NAME? | AT4: =MARKET_CAP!AT4*CONFIG!$F$46*0.85 -> #NAME? | AU4: =MARKET_CAP!AU4*CONFIG!$F$47*0.85 -> #NAME? | AV4: =MARKET_CAP!AV4*CONFIG!$F$48*0.85 -> #NAME?
A5: 02/27/2026 | B5: =MARKET_CAP!B5*CONFIG!$F$2*0.85 -> #NAME? | C5: =MARKET_CAP!C5*CONFIG!$F$3*0.85 -> #NAME? | D5: =MARKET_CAP!D5*CONFIG!$F$4*0.85 -> #NAME? | E5: =MARKET_CAP!E5*CONFIG!$F$5*0.85 -> #NAME? | F5: =MARKET_CAP!F5*CONFIG!$F$6*0.85 -> #NAME? | G5: =MARKET_CAP!G5*CONFIG!$F$7*0.85 -> #NAME? | H5: =MARKET_CAP!H5*CONFIG!$F$8*0.85 -> #NAME? | I5: =MARKET_CAP!I5*CONFIG!$F$9*0.85 -> #NAME? | J5: =MARKET_CAP!J5*CONFIG!$F$10*0.85 -> #NAME? | K5: =MARKET_CAP!K5*CONFIG!$F$11*0.85 -> #NAME? | L5: =MARKET_CAP!L5*CONFIG!$F$12*0.85 -> #NAME? | M5: =MARKET_CAP!M5*CONFIG!$F$13*0.85 -> #NAME? | N5: =MARKET_CAP!N5*CONFIG!$F$14*0.85 -> #NAME? | O5: =MARKET_CAP!O5*CONFIG!$F$15*0.85 -> #NAME? | P5: =MARKET_CAP!P5*CONFIG!$F$16*0.85 -> #NAME? | Q5: =MARKET_CAP!Q5*CONFIG!$F$17*0.85 -> #NAME? | R5: =MARKET_CAP!R5*CONFIG!$F$18*0.85 -> #NAME? | S5: =MARKET_CAP!S5*CONFIG!$F$19*0.85 -> #NAME? | T5: =MARKET_CAP!T5*CONFIG!$F$20*0.85 -> #NAME? | U5: =MARKET_CAP!U5*CONFIG!$F$21*0.85 -> #NAME? | V5: =MARKET_CAP!V5*CONFIG!$F$22*0.85 -> #NAME? | W5: =MARKET_CAP!W5*CONFIG!$F$23*0.85 -> #NAME? | X5: =MARKET_CAP!X5*CONFIG!$F$24*0.85 -> #NAME? | Y5: =MARKET_CAP!Y5*CONFIG!$F$25*0.85 -> #NAME? | Z5: =MARKET_CAP!Z5*CONFIG!$F$26*0.85 -> #NAME? | AA5: =MARKET_CAP!AA5*CONFIG!$F$27*0.85 -> #NAME? | AB5: =MARKET_CAP!AB5*CONFIG!$F$28*0.85 -> #NAME? | AC5: =MARKET_CAP!AC5*CONFIG!$F$29*0.85 -> #NAME? | AD5: =MARKET_CAP!AD5*CONFIG!$F$30*0.85 -> #NAME? | AE5: =MARKET_CAP!AE5*CONFIG!$F$31*0.85 -> #NAME? | AF5: =MARKET_CAP!AF5*CONFIG!$F$32*0.85 -> #NAME? | AG5: =MARKET_CAP!AG5*CONFIG!$F$33*0.85 -> #NAME? | AH5: =MARKET_CAP!AH5*CONFIG!$F$34*0.85 -> #NAME? | AI5: =MARKET_CAP!AI5*CONFIG!$F$35*0.85 -> #NAME? | AJ5: =MARKET_CAP!AJ5*CONFIG!$F$36*0.85 -> #NAME? | AK5: =MARKET_CAP!AK5*CONFIG!$F$37*0.85 -> #NAME? | AL5: =MARKET_CAP!AL5*CONFIG!$F$38*0.85 -> #NAME? | AM5: =MARKET_CAP!AM5*CONFIG!$F$39*0.85 -> #NAME? | AN5: =MARKET_CAP!AN5*CONFIG!$F$40*0.85 -> #NAME? | AO5: =MARKET_CAP!AO5*CONFIG!$F$41*0.85 -> #NAME? | AP5: =MARKET_CAP!AP5*CONFIG!$F$42*0.85 -> #NAME? | AQ5: =MARKET_CAP!AQ5*CONFIG!$F$43*0.85 -> #NAME? | AR5: =MARKET_CAP!AR5*CONFIG!$F$44*0.85 -> #NAME? | AS5: =MARKET_CAP!AS5*CONFIG!$F$45*0.85 -> #NAME? | AT5: =MARKET_CAP!AT5*CONFIG!$F$46*0.85 -> #NAME? | AU5: =MARKET_CAP!AU5*CONFIG!$F$47*0.85 -> #NAME? | AV5: =MARKET_CAP!AV5*CONFIG!$F$48*0.85 -> #NAME?
A6: 01/30/2026 | B6: =MARKET_CAP!B6*CONFIG!$F$2*0.85 -> #NAME? | C6: =MARKET_CAP!C6*CONFIG!$F$3*0.85 -> #NAME? | D6: =MARKET_CAP!D6*CONFIG!$F$4*0.85 -> #NAME? | E6: =MARKET_CAP!E6*CONFIG!$F$5*0.85 -> #NAME? | F6: =MARKET_CAP!F6*CONFIG!$F$6*0.85 -> #NAME? | G6: =MARKET_CAP!G6*CONFIG!$F$7*0.85 -> #NAME? | H6: =MARKET_CAP!H6*CONFIG!$F$8*0.85 -> #NAME? | I6: =MARKET_CAP!I6*CONFIG!$F$9*0.85 -> #NAME? | J6: =MARKET_CAP!J6*CONFIG!$F$10*0.85 -> #NAME? | K6: =MARKET_CAP!K6*CONFIG!$F$11*0.85 -> #NAME? | L6: =MARKET_CAP!L6*CONFIG!$F$12*0.85 -> #NAME? | M6: =MARKET_CAP!M6*CONFIG!$F$13*0.85 -> #NAME? | N6: =MARKET_CAP!N6*CONFIG!$F$14*0.85 -> #NAME? | O6: =MARKET_CAP!O6*CONFIG!$F$15*0.85 -> #NAME? | P6: =MARKET_CAP!P6*CONFIG!$F$16*0.85 -> #NAME? | Q6: =MARKET_CAP!Q6*CONFIG!$F$17*0.85 -> #NAME? | R6: =MARKET_CAP!R6*CONFIG!$F$18*0.85 -> #NAME? | S6: =MARKET_CAP!S6*CONFIG!$F$19*0.85 -> #NAME? | T6: =MARKET_CAP!T6*CONFIG!$F$20*0.85 -> #NAME? | U6: =MARKET_CAP!U6*CONFIG!$F$21*0.85 -> #NAME? | V6: =MARKET_CAP!V6*CONFIG!$F$22*0.85 -> #NAME? | W6: =MARKET_CAP!W6*CONFIG!$F$23*0.85 -> #NAME? | X6: =MARKET_CAP!X6*CONFIG!$F$24*0.85 -> #NAME? | Y6: =MARKET_CAP!Y6*CONFIG!$F$25*0.85 -> #NAME? | Z6: =MARKET_CAP!Z6*CONFIG!$F$26*0.85 -> #NAME? | AA6: =MARKET_CAP!AA6*CONFIG!$F$27*0.85 -> #NAME? | AB6: =MARKET_CAP!AB6*CONFIG!$F$28*0.85 -> #NAME? | AC6: =MARKET_CAP!AC6*CONFIG!$F$29*0.85 -> #NAME? | AD6: =MARKET_CAP!AD6*CONFIG!$F$30*0.85 -> #NAME? | AE6: =MARKET_CAP!AE6*CONFIG!$F$31*0.85 -> #NAME? | AF6: =MARKET_CAP!AF6*CONFIG!$F$32*0.85 -> #NAME? | AG6: =MARKET_CAP!AG6*CONFIG!$F$33*0.85 -> #NAME? | AH6: =MARKET_CAP!AH6*CONFIG!$F$34*0.85 -> #NAME? | AI6: =MARKET_CAP!AI6*CONFIG!$F$35*0.85 -> #NAME? | AJ6: =MARKET_CAP!AJ6*CONFIG!$F$36*0.85 -> #NAME? | AK6: =MARKET_CAP!AK6*CONFIG!$F$37*0.85 -> #NAME? | AL6: =MARKET_CAP!AL6*CONFIG!$F$38*0.85 -> #NAME? | AM6: =MARKET_CAP!AM6*CONFIG!$F$39*0.85 -> #NAME? | AN6: =MARKET_CAP!AN6*CONFIG!$F$40*0.85 -> #NAME? | AO6: =MARKET_CAP!AO6*CONFIG!$F$41*0.85 -> #NAME? | AP6: =MARKET_CAP!AP6*CONFIG!$F$42*0.85 -> #NAME? | AQ6: =MARKET_CAP!AQ6*CONFIG!$F$43*0.85 -> #NAME? | AR6: =MARKET_CAP!AR6*CONFIG!$F$44*0.85 -> #NAME? | AS6: =MARKET_CAP!AS6*CONFIG!$F$45*0.85 -> #NAME? | AT6: =MARKET_CAP!AT6*CONFIG!$F$46*0.85 -> #NAME? | AU6: =MARKET_CAP!AU6*CONFIG!$F$47*0.85 -> #NAME? | AV6: =MARKET_CAP!AV6*CONFIG!$F$48*0.85 -> #NAME?
A7: 12/31/2025 | B7: =MARKET_CAP!B7*CONFIG!$F$2*0.85 -> #NAME? | C7: =MARKET_CAP!C7*CONFIG!$F$3*0.85 -> #NAME? | D7: =MARKET_CAP!D7*CONFIG!$F$4*0.85 -> #NAME? | E7: =MARKET_CAP!E7*CONFIG!$F$5*0.85 -> #NAME? | F7: =MARKET_CAP!F7*CONFIG!$F$6*0.85 -> #NAME? | G7: =MARKET_CAP!G7*CONFIG!$F$7*0.85 -> #NAME? | H7: =MARKET_CAP!H7*CONFIG!$F$8*0.85 -> #NAME? | I7: =MARKET_CAP!I7*CONFIG!$F$9*0.85 -> #NAME? | J7: =MARKET_CAP!J7*CONFIG!$F$10*0.85 -> #NAME? | K7: =MARKET_CAP!K7*CONFIG!$F$11*0.85 -> #NAME? | L7: =MARKET_CAP!L7*CONFIG!$F$12*0.85 -> #NAME? | M7: =MARKET_CAP!M7*CONFIG!$F$13*0.85 -> #NAME? | N7: =MARKET_CAP!N7*CONFIG!$F$14*0.85 -> #NAME? | O7: =MARKET_CAP!O7*CONFIG!$F$15*0.85 -> #NAME? | P7: =MARKET_CAP!P7*CONFIG!$F$16*0.85 -> #NAME? | Q7: =MARKET_CAP!Q7*CONFIG!$F$17*0.85 -> #NAME? | R7: =MARKET_CAP!R7*CONFIG!$F$18*0.85 -> #NAME? | S7: =MARKET_CAP!S7*CONFIG!$F$19*0.85 -> #NAME? | T7: =MARKET_CAP!T7*CONFIG!$F$20*0.85 -> #NAME? | U7: =MARKET_CAP!U7*CONFIG!$F$21*0.85 -> #NAME? | V7: =MARKET_CAP!V7*CONFIG!$F$22*0.85 -> #NAME? | W7: =MARKET_CAP!W7*CONFIG!$F$23*0.85 -> #NAME? | X7: =MARKET_CAP!X7*CONFIG!$F$24*0.85 -> #NAME? | Y7: =MARKET_CAP!Y7*CONFIG!$F$25*0.85 -> #NAME? | Z7: =MARKET_CAP!Z7*CONFIG!$F$26*0.85 -> #NAME? | AA7: =MARKET_CAP!AA7*CONFIG!$F$27*0.85 -> #NAME? | AB7: =MARKET_CAP!AB7*CONFIG!$F$28*0.85 -> #NAME? | AC7: =MARKET_CAP!AC7*CONFIG!$F$29*0.85 -> #NAME? | AD7: =MARKET_CAP!AD7*CONFIG!$F$30*0.85 -> #NAME? | AE7: =MARKET_CAP!AE7*CONFIG!$F$31*0.85 -> #NAME? | AF7: =MARKET_CAP!AF7*CONFIG!$F$32*0.85 -> #NAME? | AG7: =MARKET_CAP!AG7*CONFIG!$F$33*0.85 -> #NAME? | AH7: =MARKET_CAP!AH7*CONFIG!$F$34*0.85 -> #NAME? | AI7: =MARKET_CAP!AI7*CONFIG!$F$35*0.85 -> #NAME? | AJ7: =MARKET_CAP!AJ7*CONFIG!$F$36*0.85 -> #NAME? | AK7: =MARKET_CAP!AK7*CONFIG!$F$37*0.85 -> #NAME? | AL7: =MARKET_CAP!AL7*CONFIG!$F$38*0.85 -> #NAME? | AM7: =MARKET_CAP!AM7*CONFIG!$F$39*0.85 -> #NAME? | AN7: =MARKET_CAP!AN7*CONFIG!$F$40*0.85 -> #NAME? | AO7: =MARKET_CAP!AO7*CONFIG!$F$41*0.85 -> #NAME? | AP7: =MARKET_CAP!AP7*CONFIG!$F$42*0.85 -> #NAME? | AQ7: =MARKET_CAP!AQ7*CONFIG!$F$43*0.85 -> #NAME? | AR7: =MARKET_CAP!AR7*CONFIG!$F$44*0.85 -> #NAME? | AS7: =MARKET_CAP!AS7*CONFIG!$F$45*0.85 -> #NAME? | AT7: =MARKET_CAP!AT7*CONFIG!$F$46*0.85 -> #NAME? | AU7: =MARKET_CAP!AU7*CONFIG!$F$47*0.85 -> #NAME? | AV7: =MARKET_CAP!AV7*CONFIG!$F$48*0.85 -> #NAME?
A8: 11/28/2025 | B8: =MARKET_CAP!B8*CONFIG!$F$2*0.85 -> #NAME? | C8: =MARKET_CAP!C8*CONFIG!$F$3*0.85 -> #NAME? | D8: =MARKET_CAP!D8*CONFIG!$F$4*0.85 -> #NAME? | E8: =MARKET_CAP!E8*CONFIG!$F$5*0.85 -> #NAME? | F8: =MARKET_CAP!F8*CONFIG!$F$6*0.85 -> #NAME? | G8: =MARKET_CAP!G8*CONFIG!$F$7*0.85 -> #NAME? | H8: =MARKET_CAP!H8*CONFIG!$F$8*0.85 -> #NAME? | I8: =MARKET_CAP!I8*CONFIG!$F$9*0.85 -> #NAME? | J8: =MARKET_CAP!J8*CONFIG!$F$10*0.85 -> #NAME? | K8: =MARKET_CAP!K8*CONFIG!$F$11*0.85 -> #NAME? | L8: =MARKET_CAP!L8*CONFIG!$F$12*0.85 -> #NAME? | M8: =MARKET_CAP!M8*CONFIG!$F$13*0.85 -> #NAME? | N8: =MARKET_CAP!N8*CONFIG!$F$14*0.85 -> #NAME? | O8: =MARKET_CAP!O8*CONFIG!$F$15*0.85 -> #NAME? | P8: =MARKET_CAP!P8*CONFIG!$F$16*0.85 -> #NAME? | Q8: =MARKET_CAP!Q8*CONFIG!$F$17*0.85 -> #NAME? | R8: =MARKET_CAP!R8*CONFIG!$F$18*0.85 -> #NAME? | S8: =MARKET_CAP!S8*CONFIG!$F$19*0.85 -> #NAME? | T8: =MARKET_CAP!T8*CONFIG!$F$20*0.85 -> #NAME? | U8: =MARKET_CAP!U8*CONFIG!$F$21*0.85 -> #NAME? | V8: =MARKET_CAP!V8*CONFIG!$F$22*0.85 -> #NAME? | W8: =MARKET_CAP!W8*CONFIG!$F$23*0.85 -> #NAME? | X8: =MARKET_CAP!X8*CONFIG!$F$24*0.85 -> #NAME? | Y8: =MARKET_CAP!Y8*CONFIG!$F$25*0.85 -> #NAME? | Z8: =MARKET_CAP!Z8*CONFIG!$F$26*0.85 -> #NAME? | AA8: =MARKET_CAP!AA8*CONFIG!$F$27*0.85 -> #NAME? | AB8: =MARKET_CAP!AB8*CONFIG!$F$28*0.85 -> #NAME? | AC8: =MARKET_CAP!AC8*CONFIG!$F$29*0.85 -> #NAME? | AD8: =MARKET_CAP!AD8*CONFIG!$F$30*0.85 -> #NAME? | AE8: =MARKET_CAP!AE8*CONFIG!$F$31*0.85 -> #NAME? | AF8: =MARKET_CAP!AF8*CONFIG!$F$32*0.85 -> #NAME? | AG8: =MARKET_CAP!AG8*CONFIG!$F$33*0.85 -> #NAME? | AH8: =MARKET_CAP!AH8*CONFIG!$F$34*0.85 -> #NAME? | AI8: =MARKET_CAP!AI8*CONFIG!$F$35*0.85 -> #NAME? | AJ8: =MARKET_CAP!AJ8*CONFIG!$F$36*0.85 -> #NAME? | AK8: =MARKET_CAP!AK8*CONFIG!$F$37*0.85 -> #NAME? | AL8: =MARKET_CAP!AL8*CONFIG!$F$38*0.85 -> #NAME? | AM8: =MARKET_CAP!AM8*CONFIG!$F$39*0.85 -> #NAME? | AN8: =MARKET_CAP!AN8*CONFIG!$F$40*0.85 -> #NAME? | AO8: =MARKET_CAP!AO8*CONFIG!$F$41*0.85 -> #NAME? | AP8: =MARKET_CAP!AP8*CONFIG!$F$42*0.85 -> #NAME? | AQ8: =MARKET_CAP!AQ8*CONFIG!$F$43*0.85 -> #NAME? | AR8: =MARKET_CAP!AR8*CONFIG!$F$44*0.85 -> #NAME? | AS8: =MARKET_CAP!AS8*CONFIG!$F$45*0.85 -> #NAME? | AT8: =MARKET_CAP!AT8*CONFIG!$F$46*0.85 -> #NAME? | AU8: =MARKET_CAP!AU8*CONFIG!$F$47*0.85 -> #NAME? | AV8: =MARKET_CAP!AV8*CONFIG!$F$48*0.85 -> #NAME?
A9: 10/31/2025 | B9: =MARKET_CAP!B9*CONFIG!$F$2*0.85 -> #NAME? | C9: =MARKET_CAP!C9*CONFIG!$F$3*0.85 -> #NAME? | D9: =MARKET_CAP!D9*CONFIG!$F$4*0.85 -> #NAME? | E9: =MARKET_CAP!E9*CONFIG!$F$5*0.85 -> #NAME? | F9: =MARKET_CAP!F9*CONFIG!$F$6*0.85 -> #NAME? | G9: =MARKET_CAP!G9*CONFIG!$F$7*0.85 -> #NAME? | H9: =MARKET_CAP!H9*CONFIG!$F$8*0.85 -> #NAME? | I9: =MARKET_CAP!I9*CONFIG!$F$9*0.85 -> #NAME? | J9: =MARKET_CAP!J9*CONFIG!$F$10*0.85 -> #NAME? | K9: =MARKET_CAP!K9*CONFIG!$F$11*0.85 -> #NAME? | L9: =MARKET_CAP!L9*CONFIG!$F$12*0.85 -> #NAME? | M9: =MARKET_CAP!M9*CONFIG!$F$13*0.85 -> #NAME? | N9: =MARKET_CAP!N9*CONFIG!$F$14*0.85 -> #NAME? | O9: =MARKET_CAP!O9*CONFIG!$F$15*0.85 -> #NAME? | P9: =MARKET_CAP!P9*CONFIG!$F$16*0.85 -> #NAME? | Q9: =MARKET_CAP!Q9*CONFIG!$F$17*0.85 -> #NAME? | R9: =MARKET_CAP!R9*CONFIG!$F$18*0.85 -> #NAME? | S9: =MARKET_CAP!S9*CONFIG!$F$19*0.85 -> #NAME? | T9: =MARKET_CAP!T9*CONFIG!$F$20*0.85 -> #NAME? | U9: =MARKET_CAP!U9*CONFIG!$F$21*0.85 -> #NAME? | V9: =MARKET_CAP!V9*CONFIG!$F$22*0.85 -> #NAME? | W9: =MARKET_CAP!W9*CONFIG!$F$23*0.85 -> #NAME? | X9: =MARKET_CAP!X9*CONFIG!$F$24*0.85 -> #NAME? | Y9: =MARKET_CAP!Y9*CONFIG!$F$25*0.85 -> #NAME? | Z9: =MARKET_CAP!Z9*CONFIG!$F$26*0.85 -> #NAME? | AA9: =MARKET_CAP!AA9*CONFIG!$F$27*0.85 -> #NAME? | AB9: =MARKET_CAP!AB9*CONFIG!$F$28*0.85 -> #NAME? | AC9: =MARKET_CAP!AC9*CONFIG!$F$29*0.85 -> #NAME? | AD9: =MARKET_CAP!AD9*CONFIG!$F$30*0.85 -> #NAME? | AE9: =MARKET_CAP!AE9*CONFIG!$F$31*0.85 -> #NAME? | AF9: =MARKET_CAP!AF9*CONFIG!$F$32*0.85 -> #NAME? | AG9: =MARKET_CAP!AG9*CONFIG!$F$33*0.85 -> #NAME? | AH9: =MARKET_CAP!AH9*CONFIG!$F$34*0.85 -> #NAME? | AI9: =MARKET_CAP!AI9*CONFIG!$F$35*0.85 -> #NAME? | AJ9: =MARKET_CAP!AJ9*CONFIG!$F$36*0.85 -> #NAME? | AK9: =MARKET_CAP!AK9*CONFIG!$F$37*0.85 -> #NAME? | AL9: =MARKET_CAP!AL9*CONFIG!$F$38*0.85 -> #NAME? | AM9: =MARKET_CAP!AM9*CONFIG!$F$39*0.85 -> #NAME? | AN9: =MARKET_CAP!AN9*CONFIG!$F$40*0.85 -> #NAME? | AO9: =MARKET_CAP!AO9*CONFIG!$F$41*0.85 -> #NAME? | AP9: =MARKET_CAP!AP9*CONFIG!$F$42*0.85 -> #NAME? | AQ9: =MARKET_CAP!AQ9*CONFIG!$F$43*0.85 -> #NAME? | AR9: =MARKET_CAP!AR9*CONFIG!$F$44*0.85 -> #NAME? | AS9: =MARKET_CAP!AS9*CONFIG!$F$45*0.85 -> #NAME? | AT9: =MARKET_CAP!AT9*CONFIG!$F$46*0.85 -> #NAME? | AU9: =MARKET_CAP!AU9*CONFIG!$F$47*0.85 -> #NAME? | AV9: =MARKET_CAP!AV9*CONFIG!$F$48*0.85 -> #NAME?
A10: 09/30/2025 | B10: =MARKET_CAP!B10*CONFIG!$F$2*0.85 -> #NAME? | C10: =MARKET_CAP!C10*CONFIG!$F$3*0.85 -> #NAME? | D10: =MARKET_CAP!D10*CONFIG!$F$4*0.85 -> #NAME? | E10: =MARKET_CAP!E10*CONFIG!$F$5*0.85 -> #NAME? | F10: =MARKET_CAP!F10*CONFIG!$F$6*0.85 -> #NAME? | G10: =MARKET_CAP!G10*CONFIG!$F$7*0.85 -> #NAME? | H10: =MARKET_CAP!H10*CONFIG!$F$8*0.85 -> #NAME? | I10: =MARKET_CAP!I10*CONFIG!$F$9*0.85 -> #NAME? | J10: =MARKET_CAP!J10*CONFIG!$F$10*0.85 -> #NAME? | K10: =MARKET_CAP!K10*CONFIG!$F$11*0.85 -> #NAME? | L10: =MARKET_CAP!L10*CONFIG!$F$12*0.85 -> #NAME? | M10: =MARKET_CAP!M10*CONFIG!$F$13*0.85 -> #NAME? | N10: =MARKET_CAP!N10*CONFIG!$F$14*0.85 -> #NAME? | O10: =MARKET_CAP!O10*CONFIG!$F$15*0.85 -> #NAME? | P10: =MARKET_CAP!P10*CONFIG!$F$16*0.85 -> #NAME? | Q10: =MARKET_CAP!Q10*CONFIG!$F$17*0.85 -> #NAME? | R10: =MARKET_CAP!R10*CONFIG!$F$18*0.85 -> #NAME? | S10: =MARKET_CAP!S10*CONFIG!$F$19*0.85 -> #NAME? | T10: =MARKET_CAP!T10*CONFIG!$F$20*0.85 -> #NAME? | U10: =MARKET_CAP!U10*CONFIG!$F$21*0.85 -> #NAME? | V10: =MARKET_CAP!V10*CONFIG!$F$22*0.85 -> #NAME? | W10: =MARKET_CAP!W10*CONFIG!$F$23*0.85 -> #NAME? | X10: =MARKET_CAP!X10*CONFIG!$F$24*0.85 -> #NAME? | Y10: =MARKET_CAP!Y10*CONFIG!$F$25*0.85 -> #NAME? | Z10: =MARKET_CAP!Z10*CONFIG!$F$26*0.85 -> #NAME? | AA10: =MARKET_CAP!AA10*CONFIG!$F$27*0.85 -> #NAME? | AB10: =MARKET_CAP!AB10*CONFIG!$F$28*0.85 -> #NAME? | AC10: =MARKET_CAP!AC10*CONFIG!$F$29*0.85 -> #NAME? | AD10: =MARKET_CAP!AD10*CONFIG!$F$30*0.85 -> #NAME? | AE10: =MARKET_CAP!AE10*CONFIG!$F$31*0.85 -> #NAME? | AF10: =MARKET_CAP!AF10*CONFIG!$F$32*0.85 -> #NAME? | AG10: =MARKET_CAP!AG10*CONFIG!$F$33*0.85 -> #NAME? | AH10: =MARKET_CAP!AH10*CONFIG!$F$34*0.85 -> #NAME? | AI10: =MARKET_CAP!AI10*CONFIG!$F$35*0.85 -> #NAME? | AJ10: =MARKET_CAP!AJ10*CONFIG!$F$36*0.85 -> #NAME? | AK10: =MARKET_CAP!AK10*CONFIG!$F$37*0.85 -> #NAME? | AL10: =MARKET_CAP!AL10*CONFIG!$F$38*0.85 -> #NAME? | AM10: =MARKET_CAP!AM10*CONFIG!$F$39*0.85 -> #NAME? | AN10: =MARKET_CAP!AN10*CONFIG!$F$40*0.85 -> #NAME? | AO10: =MARKET_CAP!AO10*CONFIG!$F$41*0.85 -> #NAME? | AP10: =MARKET_CAP!AP10*CONFIG!$F$42*0.85 -> #NAME? | AQ10: =MARKET_CAP!AQ10*CONFIG!$F$43*0.85 -> #NAME? | AR10: =MARKET_CAP!AR10*CONFIG!$F$44*0.85 -> #NAME? | AS10: =MARKET_CAP!AS10*CONFIG!$F$45*0.85 -> #NAME? | AT10: =MARKET_CAP!AT10*CONFIG!$F$46*0.85 -> #NAME? | AU10: =MARKET_CAP!AU10*CONFIG!$F$47*0.85 -> #NAME? | AV10: =MARKET_CAP!AV10*CONFIG!$F$48*0.85 -> #NAME?
A11: 08/29/2025 | B11: =MARKET_CAP!B11*CONFIG!$F$2*0.85 -> #NAME? | C11: =MARKET_CAP!C11*CONFIG!$F$3*0.85 -> #NAME? | D11: =MARKET_CAP!D11*CONFIG!$F$4*0.85 -> #NAME? | E11: =MARKET_CAP!E11*CONFIG!$F$5*0.85 -> #NAME? | F11: =MARKET_CAP!F11*CONFIG!$F$6*0.85 -> #NAME? | G11: =MARKET_CAP!G11*CONFIG!$F$7*0.85 -> #NAME? | H11: =MARKET_CAP!H11*CONFIG!$F$8*0.85 -> #NAME? | I11: =MARKET_CAP!I11*CONFIG!$F$9*0.85 -> #NAME? | J11: =MARKET_CAP!J11*CONFIG!$F$10*0.85 -> #NAME? | K11: =MARKET_CAP!K11*CONFIG!$F$11*0.85 -> #NAME? | L11: =MARKET_CAP!L11*CONFIG!$F$12*0.85 -> #NAME? | M11: =MARKET_CAP!M11*CONFIG!$F$13*0.85 -> #NAME? | N11: =MARKET_CAP!N11*CONFIG!$F$14*0.85 -> #NAME? | O11: =MARKET_CAP!O11*CONFIG!$F$15*0.85 -> #NAME? | P11: =MARKET_CAP!P11*CONFIG!$F$16*0.85 -> #NAME? | Q11: =MARKET_CAP!Q11*CONFIG!$F$17*0.85 -> #NAME? | R11: =MARKET_CAP!R11*CONFIG!$F$18*0.85 -> #NAME? | S11: =MARKET_CAP!S11*CONFIG!$F$19*0.85 -> #NAME? | T11: =MARKET_CAP!T11*CONFIG!$F$20*0.85 -> #NAME? | U11: =MARKET_CAP!U11*CONFIG!$F$21*0.85 -> #NAME? | V11: =MARKET_CAP!V11*CONFIG!$F$22*0.85 -> #NAME? | W11: =MARKET_CAP!W11*CONFIG!$F$23*0.85 -> #NAME? | X11: =MARKET_CAP!X11*CONFIG!$F$24*0.85 -> #NAME? | Y11: =MARKET_CAP!Y11*CONFIG!$F$25*0.85 -> #NAME? | Z11: =MARKET_CAP!Z11*CONFIG!$F$26*0.85 -> #NAME? | AA11: =MARKET_CAP!AA11*CONFIG!$F$27*0.85 -> #NAME? | AB11: =MARKET_CAP!AB11*CONFIG!$F$28*0.85 -> #NAME? | AC11: =MARKET_CAP!AC11*CONFIG!$F$29*0.85 -> #NAME? | AD11: =MARKET_CAP!AD11*CONFIG!$F$30*0.85 -> #NAME? | AE11: =MARKET_CAP!AE11*CONFIG!$F$31*0.85 -> #NAME? | AF11: =MARKET_CAP!AF11*CONFIG!$F$32*0.85 -> #NAME? | AG11: =MARKET_CAP!AG11*CONFIG!$F$33*0.85 -> #NAME? | AH11: =MARKET_CAP!AH11*CONFIG!$F$34*0.85 -> #NAME? | AI11: =MARKET_CAP!AI11*CONFIG!$F$35*0.85 -> #NAME? | AJ11: =MARKET_CAP!AJ11*CONFIG!$F$36*0.85 -> #NAME? | AK11: =MARKET_CAP!AK11*CONFIG!$F$37*0.85 -> #NAME? | AL11: =MARKET_CAP!AL11*CONFIG!$F$38*0.85 -> #NAME? | AM11: =MARKET_CAP!AM11*CONFIG!$F$39*0.85 -> #NAME? | AN11: =MARKET_CAP!AN11*CONFIG!$F$40*0.85 -> #NAME? | AO11: =MARKET_CAP!AO11*CONFIG!$F$41*0.85 -> #NAME? | AP11: =MARKET_CAP!AP11*CONFIG!$F$42*0.85 -> #NAME? | AQ11: =MARKET_CAP!AQ11*CONFIG!$F$43*0.85 -> #NAME? | AR11: =MARKET_CAP!AR11*CONFIG!$F$44*0.85 -> #NAME? | AS11: =MARKET_CAP!AS11*CONFIG!$F$45*0.85 -> #NAME? | AT11: =MARKET_CAP!AT11*CONFIG!$F$46*0.85 -> #NAME? | AU11: =MARKET_CAP!AU11*CONFIG!$F$47*0.85 -> #NAME? | AV11: =MARKET_CAP!AV11*CONFIG!$F$48*0.85 -> #NAME?
A12: 07/31/2025 | B12: =MARKET_CAP!B12*CONFIG!$F$2*0.85 -> #NAME? | C12: =MARKET_CAP!C12*CONFIG!$F$3*0.85 -> #NAME? | D12: =MARKET_CAP!D12*CONFIG!$F$4*0.85 -> #NAME? | E12: =MARKET_CAP!E12*CONFIG!$F$5*0.85 -> #NAME? | F12: =MARKET_CAP!F12*CONFIG!$F$6*0.85 -> #NAME? | G12: =MARKET_CAP!G12*CONFIG!$F$7*0.85 -> #NAME? | H12: =MARKET_CAP!H12*CONFIG!$F$8*0.85 -> #NAME? | I12: =MARKET_CAP!I12*CONFIG!$F$9*0.85 -> #NAME? | J12: =MARKET_CAP!J12*CONFIG!$F$10*0.85 -> #NAME? | K12: =MARKET_CAP!K12*CONFIG!$F$11*0.85 -> #NAME? | L12: =MARKET_CAP!L12*CONFIG!$F$12*0.85 -> #NAME? | M12: =MARKET_CAP!M12*CONFIG!$F$13*0.85 -> #NAME? | N12: =MARKET_CAP!N12*CONFIG!$F$14*0.85 -> #NAME? | O12: =MARKET_CAP!O12*CONFIG!$F$15*0.85 -> #NAME? | P12: =MARKET_CAP!P12*CONFIG!$F$16*0.85 -> #NAME? | Q12: =MARKET_CAP!Q12*CONFIG!$F$17*0.85 -> #NAME? | R12: =MARKET_CAP!R12*CONFIG!$F$18*0.85 -> #NAME? | S12: =MARKET_CAP!S12*CONFIG!$F$19*0.85 -> #NAME? | T12: =MARKET_CAP!T12*CONFIG!$F$20*0.85 -> #NAME? | U12: =MARKET_CAP!U12*CONFIG!$F$21*0.85 -> #NAME? | V12: =MARKET_CAP!V12*CONFIG!$F$22*0.85 -> #NAME? | W12: =MARKET_CAP!W12*CONFIG!$F$23*0.85 -> #NAME? | X12: =MARKET_CAP!X12*CONFIG!$F$24*0.85 -> #NAME? | Y12: =MARKET_CAP!Y12*CONFIG!$F$25*0.85 -> #NAME? | Z12: =MARKET_CAP!Z12*CONFIG!$F$26*0.85 -> #NAME? | AA12: =MARKET_CAP!AA12*CONFIG!$F$27*0.85 -> #NAME? | AB12: =MARKET_CAP!AB12*CONFIG!$F$28*0.85 -> #NAME? | AC12: =MARKET_CAP!AC12*CONFIG!$F$29*0.85 -> #NAME? | AD12: =MARKET_CAP!AD12*CONFIG!$F$30*0.85 -> #NAME? | AE12: =MARKET_CAP!AE12*CONFIG!$F$31*0.85 -> #NAME? | AF12: =MARKET_CAP!AF12*CONFIG!$F$32*0.85 -> #NAME? | AG12: =MARKET_CAP!AG12*CONFIG!$F$33*0.85 -> #NAME? | AH12: =MARKET_CAP!AH12*CONFIG!$F$34*0.85 -> #NAME? | AI12: =MARKET_CAP!AI12*CONFIG!$F$35*0.85 -> #NAME? | AJ12: =MARKET_CAP!AJ12*CONFIG!$F$36*0.85 -> #NAME? | AK12: =MARKET_CAP!AK12*CONFIG!$F$37*0.85 -> #NAME? | AL12: =MARKET_CAP!AL12*CONFIG!$F$38*0.85 -> #NAME? | AM12: =MARKET_CAP!AM12*CONFIG!$F$39*0.85 -> #NAME? | AN12: =MARKET_CAP!AN12*CONFIG!$F$40*0.85 -> #NAME? | AO12: =MARKET_CAP!AO12*CONFIG!$F$41*0.85 -> #NAME? | AP12: =MARKET_CAP!AP12*CONFIG!$F$42*0.85 -> #NAME? | AQ12: =MARKET_CAP!AQ12*CONFIG!$F$43*0.85 -> #NAME? | AR12: =MARKET_CAP!AR12*CONFIG!$F$44*0.85 -> #NAME? | AS12: =MARKET_CAP!AS12*CONFIG!$F$45*0.85 -> #NAME? | AT12: =MARKET_CAP!AT12*CONFIG!$F$46*0.85 -> #NAME? | AU12: =MARKET_CAP!AU12*CONFIG!$F$47*0.85 -> #NAME? | AV12: =MARKET_CAP!AV12*CONFIG!$F$48*0.85 -> #NAME?
A13: 06/30/2025 | B13: =MARKET_CAP!B13*CONFIG!$F$2*0.85 -> #NAME? | C13: =MARKET_CAP!C13*CONFIG!$F$3*0.85 -> #NAME? | D13: =MARKET_CAP!D13*CONFIG!$F$4*0.85 -> #NAME? | E13: =MARKET_CAP!E13*CONFIG!$F$5*0.85 -> #NAME? | F13: =MARKET_CAP!F13*CONFIG!$F$6*0.85 -> #NAME? | G13: =MARKET_CAP!G13*CONFIG!$F$7*0.85 -> #NAME? | H13: =MARKET_CAP!H13*CONFIG!$F$8*0.85 -> #NAME? | I13: =MARKET_CAP!I13*CONFIG!$F$9*0.85 -> #NAME? | J13: =MARKET_CAP!J13*CONFIG!$F$10*0.85 -> #NAME? | K13: =MARKET_CAP!K13*CONFIG!$F$11*0.85 -> #NAME? | L13: =MARKET_CAP!L13*CONFIG!$F$12*0.85 -> #NAME? | M13: =MARKET_CAP!M13*CONFIG!$F$13*0.85 -> #NAME? | N13: =MARKET_CAP!N13*CONFIG!$F$14*0.85 -> #NAME? | O13: =MARKET_CAP!O13*CONFIG!$F$15*0.85 -> #NAME? | P13: =MARKET_CAP!P13*CONFIG!$F$16*0.85 -> #NAME? | Q13: =MARKET_CAP!Q13*CONFIG!$F$17*0.85 -> #NAME? | R13: =MARKET_CAP!R13*CONFIG!$F$18*0.85 -> #NAME? | S13: =MARKET_CAP!S13*CONFIG!$F$19*0.85 -> #NAME? | T13: =MARKET_CAP!T13*CONFIG!$F$20*0.85 -> #NAME? | U13: =MARKET_CAP!U13*CONFIG!$F$21*0.85 -> #NAME? | V13: =MARKET_CAP!V13*CONFIG!$F$22*0.85 -> #NAME? | W13: =MARKET_CAP!W13*CONFIG!$F$23*0.85 -> #NAME? | X13: =MARKET_CAP!X13*CONFIG!$F$24*0.85 -> #NAME? | Y13: =MARKET_CAP!Y13*CONFIG!$F$25*0.85 -> #NAME? | Z13: =MARKET_CAP!Z13*CONFIG!$F$26*0.85 -> #NAME? | AA13: =MARKET_CAP!AA13*CONFIG!$F$27*0.85 -> #NAME? | AB13: =MARKET_CAP!AB13*CONFIG!$F$28*0.85 -> #NAME? | AC13: =MARKET_CAP!AC13*CONFIG!$F$29*0.85 -> #NAME? | AD13: =MARKET_CAP!AD13*CONFIG!$F$30*0.85 -> #NAME? | AE13: =MARKET_CAP!AE13*CONFIG!$F$31*0.85 -> #NAME? | AF13: =MARKET_CAP!AF13*CONFIG!$F$32*0.85 -> #NAME? | AG13: =MARKET_CAP!AG13*CONFIG!$F$33*0.85 -> #NAME? | AH13: =MARKET_CAP!AH13*CONFIG!$F$34*0.85 -> #NAME? | AI13: =MARKET_CAP!AI13*CONFIG!$F$35*0.85 -> #NAME? | AJ13: =MARKET_CAP!AJ13*CONFIG!$F$36*0.85 -> #NAME? | AK13: =MARKET_CAP!AK13*CONFIG!$F$37*0.85 -> #NAME? | AL13: =MARKET_CAP!AL13*CONFIG!$F$38*0.85 -> #NAME? | AM13: =MARKET_CAP!AM13*CONFIG!$F$39*0.85 -> #NAME? | AN13: =MARKET_CAP!AN13*CONFIG!$F$40*0.85 -> #NAME? | AO13: =MARKET_CAP!AO13*CONFIG!$F$41*0.85 -> #NAME? | AP13: =MARKET_CAP!AP13*CONFIG!$F$42*0.85 -> #NAME? | AQ13: =MARKET_CAP!AQ13*CONFIG!$F$43*0.85 -> #NAME? | AR13: =MARKET_CAP!AR13*CONFIG!$F$44*0.85 -> #NAME? | AS13: =MARKET_CAP!AS13*CONFIG!$F$45*0.85 -> #NAME? | AT13: =MARKET_CAP!AT13*CONFIG!$F$46*0.85 -> #NAME? | AU13: =MARKET_CAP!AU13*CONFIG!$F$47*0.85 -> #NAME? | AV13: =MARKET_CAP!AV13*CONFIG!$F$48*0.85 -> #NAME?
A14: 05/30/2025 | B14: =MARKET_CAP!B14*CONFIG!$F$2*0.85 -> #NAME? | C14: =MARKET_CAP!C14*CONFIG!$F$3*0.85 -> #NAME? | D14: =MARKET_CAP!D14*CONFIG!$F$4*0.85 -> #NAME? | E14: =MARKET_CAP!E14*CONFIG!$F$5*0.85 -> #NAME? | F14: =MARKET_CAP!F14*CONFIG!$F$6*0.85 -> #NAME? | G14: =MARKET_CAP!G14*CONFIG!$F$7*0.85 -> #NAME? | H14: =MARKET_CAP!H14*CONFIG!$F$8*0.85 -> #NAME? | I14: =MARKET_CAP!I14*CONFIG!$F$9*0.85 -> #NAME? | J14: =MARKET_CAP!J14*CONFIG!$F$10*0.85 -> #NAME? | K14: =MARKET_CAP!K14*CONFIG!$F$11*0.85 -> #NAME? | L14: =MARKET_CAP!L14*CONFIG!$F$12*0.85 -> #NAME? | M14: =MARKET_CAP!M14*CONFIG!$F$13*0.85 -> #NAME? | N14: =MARKET_CAP!N14*CONFIG!$F$14*0.85 -> #NAME? | O14: =MARKET_CAP!O14*CONFIG!$F$15*0.85 -> #NAME? | P14: =MARKET_CAP!P14*CONFIG!$F$16*0.85 -> #NAME? | Q14: =MARKET_CAP!Q14*CONFIG!$F$17*0.85 -> #NAME? | R14: =MARKET_CAP!R14*CONFIG!$F$18*0.85 -> #NAME? | S14: =MARKET_CAP!S14*CONFIG!$F$19*0.85 -> #NAME? | T14: =MARKET_CAP!T14*CONFIG!$F$20*0.85 -> #NAME? | U14: =MARKET_CAP!U14*CONFIG!$F$21*0.85 -> #NAME? | V14: =MARKET_CAP!V14*CONFIG!$F$22*0.85 -> #NAME? | W14: =MARKET_CAP!W14*CONFIG!$F$23*0.85 -> #NAME? | X14: =MARKET_CAP!X14*CONFIG!$F$24*0.85 -> #NAME? | Y14: =MARKET_CAP!Y14*CONFIG!$F$25*0.85 -> #NAME? | Z14: =MARKET_CAP!Z14*CONFIG!$F$26*0.85 -> #NAME? | AA14: =MARKET_CAP!AA14*CONFIG!$F$27*0.85 -> #NAME? | AB14: =MARKET_CAP!AB14*CONFIG!$F$28*0.85 -> #NAME? | AC14: =MARKET_CAP!AC14*CONFIG!$F$29*0.85 -> #NAME? | AD14: =MARKET_CAP!AD14*CONFIG!$F$30*0.85 -> #NAME? | AE14: =MARKET_CAP!AE14*CONFIG!$F$31*0.85 -> #NAME? | AF14: =MARKET_CAP!AF14*CONFIG!$F$32*0.85 -> #NAME? | AG14: =MARKET_CAP!AG14*CONFIG!$F$33*0.85 -> #NAME? | AH14: =MARKET_CAP!AH14*CONFIG!$F$34*0.85 -> #NAME? | AI14: =MARKET_CAP!AI14*CONFIG!$F$35*0.85 -> #NAME? | AJ14: =MARKET_CAP!AJ14*CONFIG!$F$36*0.85 -> #NAME? | AK14: =MARKET_CAP!AK14*CONFIG!$F$37*0.85 -> #NAME? | AL14: =MARKET_CAP!AL14*CONFIG!$F$38*0.85 -> #NAME? | AM14: =MARKET_CAP!AM14*CONFIG!$F$39*0.85 -> #NAME? | AN14: =MARKET_CAP!AN14*CONFIG!$F$40*0.85 -> #NAME? | AO14: =MARKET_CAP!AO14*CONFIG!$F$41*0.85 -> #NAME? | AP14: =MARKET_CAP!AP14*CONFIG!$F$42*0.85 -> #NAME? | AQ14: =MARKET_CAP!AQ14*CONFIG!$F$43*0.85 -> #NAME? | AR14: =MARKET_CAP!AR14*CONFIG!$F$44*0.85 -> #NAME? | AS14: =MARKET_CAP!AS14*CONFIG!$F$45*0.85 -> #NAME? | AT14: =MARKET_CAP!AT14*CONFIG!$F$46*0.85 -> #NAME? | AU14: =MARKET_CAP!AU14*CONFIG!$F$47*0.85 -> #NAME? | AV14: =MARKET_CAP!AV14*CONFIG!$F$48*0.85 -> #NAME?
A15: 04/30/2025 | B15: =MARKET_CAP!B15*CONFIG!$F$2*0.85 -> #NAME? | C15: =MARKET_CAP!C15*CONFIG!$F$3*0.85 -> #NAME? | D15: =MARKET_CAP!D15*CONFIG!$F$4*0.85 -> #NAME? | E15: =MARKET_CAP!E15*CONFIG!$F$5*0.85 -> #NAME? | F15: =MARKET_CAP!F15*CONFIG!$F$6*0.85 -> #NAME? | G15: =MARKET_CAP!G15*CONFIG!$F$7*0.85 -> #NAME? | H15: =MARKET_CAP!H15*CONFIG!$F$8*0.85 -> #NAME? | I15: =MARKET_CAP!I15*CONFIG!$F$9*0.85 -> #NAME? | J15: =MARKET_CAP!J15*CONFIG!$F$10*0.85 -> #NAME? | K15: =MARKET_CAP!K15*CONFIG!$F$11*0.85 -> #NAME? | L15: =MARKET_CAP!L15*CONFIG!$F$12*0.85 -> #NAME? | M15: =MARKET_CAP!M15*CONFIG!$F$13*0.85 -> #NAME? | N15: =MARKET_CAP!N15*CONFIG!$F$14*0.85 -> #NAME? | O15: =MARKET_CAP!O15*CONFIG!$F$15*0.85 -> #NAME? | P15: =MARKET_CAP!P15*CONFIG!$F$16*0.85 -> #NAME? | Q15: =MARKET_CAP!Q15*CONFIG!$F$17*0.85 -> #NAME? | R15: =MARKET_CAP!R15*CONFIG!$F$18*0.85 -> #NAME? | S15: =MARKET_CAP!S15*CONFIG!$F$19*0.85 -> #NAME? | T15: =MARKET_CAP!T15*CONFIG!$F$20*0.85 -> #NAME? | U15: =MARKET_CAP!U15*CONFIG!$F$21*0.85 -> #NAME? | V15: =MARKET_CAP!V15*CONFIG!$F$22*0.85 -> #NAME? | W15: =MARKET_CAP!W15*CONFIG!$F$23*0.85 -> #NAME? | X15: =MARKET_CAP!X15*CONFIG!$F$24*0.85 -> #NAME? | Y15: =MARKET_CAP!Y15*CONFIG!$F$25*0.85 -> #NAME? | Z15: =MARKET_CAP!Z15*CONFIG!$F$26*0.85 -> #NAME? | AA15: =MARKET_CAP!AA15*CONFIG!$F$27*0.85 -> #NAME? | AB15: =MARKET_CAP!AB15*CONFIG!$F$28*0.85 -> #NAME? | AC15: =MARKET_CAP!AC15*CONFIG!$F$29*0.85 -> #NAME? | AD15: =MARKET_CAP!AD15*CONFIG!$F$30*0.85 -> #NAME? | AE15: =MARKET_CAP!AE15*CONFIG!$F$31*0.85 -> #NAME? | AF15: =MARKET_CAP!AF15*CONFIG!$F$32*0.85 -> #NAME? | AG15: =MARKET_CAP!AG15*CONFIG!$F$33*0.85 -> #NAME? | AH15: =MARKET_CAP!AH15*CONFIG!$F$34*0.85 -> #NAME? | AI15: =MARKET_CAP!AI15*CONFIG!$F$35*0.85 -> #NAME? | AJ15: =MARKET_CAP!AJ15*CONFIG!$F$36*0.85 -> #NAME? | AK15: =MARKET_CAP!AK15*CONFIG!$F$37*0.85 -> #NAME? | AL15: =MARKET_CAP!AL15*CONFIG!$F$38*0.85 -> #NAME? | AM15: =MARKET_CAP!AM15*CONFIG!$F$39*0.85 -> #NAME? | AN15: =MARKET_CAP!AN15*CONFIG!$F$40*0.85 -> #NAME? | AO15: =MARKET_CAP!AO15*CONFIG!$F$41*0.85 -> #NAME? | AP15: =MARKET_CAP!AP15*CONFIG!$F$42*0.85 -> #NAME? | AQ15: =MARKET_CAP!AQ15*CONFIG!$F$43*0.85 -> #NAME? | AR15: =MARKET_CAP!AR15*CONFIG!$F$44*0.85 -> #NAME? | AS15: =MARKET_CAP!AS15*CONFIG!$F$45*0.85 -> #NAME? | AT15: =MARKET_CAP!AT15*CONFIG!$F$46*0.85 -> #NAME? | AU15: =MARKET_CAP!AU15*CONFIG!$F$47*0.85 -> #NAME? | AV15: =MARKET_CAP!AV15*CONFIG!$F$48*0.85 -> #NAME?
... A318: 01/31/2000 | B318: =MARKET_CAP!B318*CONFIG!$F$2*0.85 -> #NAME? | C318: =MARKET_CAP!C318*CONFIG!$F$3*0.85 -> #NAME? | D318: =MARKET_CAP!D318*CONFIG!$F$4*0.85 -> #NAME? | E318: =MARKET_CAP!E318*CONFIG!$F$5*0.85 -> #NAME? | F318: =MARKET_CAP!F318*CONFIG!$F$6*0.85 -> #NAME? | G318: =MARKET_CAP!G318*CONFIG!$F$7*0.85 -> #NAME? | H318: =MARKET_CAP!H318*CONFIG!$F$8*0.85 -> #NAME? | I318: =MARKET_CAP!I318*CONFIG!$F$9*0.85 -> #NAME? | J318: =MARKET_CAP!J318*CONFIG!$F$10*0.85 -> #NAME? | K318: =MARKET_CAP!K318*CONFIG!$F$11*0.85 -> #NAME? | L318: =MARKET_CAP!L318*CONFIG!$F$12*0.85 -> #NAME? | M318: =MARKET_CAP!M318*CONFIG!$F$13*0.85 -> #NAME? | N318: =MARKET_CAP!N318*CONFIG!$F$14*0.85 -> #NAME? | O318: =MARKET_CAP!O318*CONFIG!$F$15*0.85 -> #NAME? | P318: =MARKET_CAP!P318*CONFIG!$F$16*0.85 -> #NAME? | Q318: =MARKET_CAP!Q318*CONFIG!$F$17*0.85 -> #NAME? | R318: =MARKET_CAP!R318*CONFIG!$F$18*0.85 -> #NAME? | S318: =MARKET_CAP!S318*CONFIG!$F$19*0.85 -> #NAME? | T318: =MARKET_CAP!T318*CONFIG!$F$20*0.85 -> #NAME? | U318: =MARKET_CAP!U318*CONFIG!$F$21*0.85 -> #NAME? | V318: =MARKET_CAP!V318*CONFIG!$F$22*0.85 -> #NAME? | W318: =MARKET_CAP!W318*CONFIG!$F$23*0.85 -> #NAME? | X318: =MARKET_CAP!X318*CONFIG!$F$24*0.85 -> #NAME? | Y318: =MARKET_CAP!Y318*CONFIG!$F$25*0.85 -> #NAME? | Z318: =MARKET_CAP!Z318*CONFIG!$F$26*0.85 -> #NAME? | AA318: =MARKET_CAP!AA318*CONFIG!$F$27*0.85 -> #NAME? | AB318: =MARKET_CAP!AB318*CONFIG!$F$28*0.85 -> #NAME? | AC318: =MARKET_CAP!AC318*CONFIG!$F$29*0.85 -> #NAME? | AD318: =MARKET_CAP!AD318*CONFIG!$F$30*0.85 -> #NAME? | AE318: =MARKET_CAP!AE318*CONFIG!$F$31*0.85 -> #NAME? | AF318: =MARKET_CAP!AF318*CONFIG!$F$32*0.85 -> #NAME? | AG318: =MARKET_CAP!AG318*CONFIG!$F$33*0.85 -> #NAME? | AH318: =MARKET_CAP!AH318*CONFIG!$F$34*0.85 -> #NAME? | AI318: =MARKET_CAP!AI318*CONFIG!$F$35*0.85 -> #NAME? | AJ318: =MARKET_CAP!AJ318*CONFIG!$F$36*0.85 -> #NAME? | AK318: =MARKET_CAP!AK318*CONFIG!$F$37*0.85 -> #NAME? | AL318: =MARKET_CAP!AL318*CONFIG!$F$38*0.85 -> #NAME? | AM318: =MARKET_CAP!AM318*CONFIG!$F$39*0.85 -> #NAME? | AN318: =MARKET_CAP!AN318*CONFIG!$F$40*0.85 -> #NAME? | AO318: =MARKET_CAP!AO318*CONFIG!$F$41*0.85 -> #NAME? | AP318: =MARKET_CAP!AP318*CONFIG!$F$42*0.85 -> #NAME? | AQ318: =MARKET_CAP!AQ318*CONFIG!$F$43*0.85 -> #NAME? | AR318: =MARKET_CAP!AR318*CONFIG!$F$44*0.85 -> #NAME? | AS318: =MARKET_CAP!AS318*CONFIG!$F$45*0.85 -> #NAME? | AT318: =MARKET_CAP!AT318*CONFIG!$F$46*0.85 -> #NAME? | AU318: =MARKET_CAP!AU318*CONFIG!$F$47*0.85 -> #NAME? | AV318: =MARKET_CAP!AV318*CONFIG!$F$48*0.85 -> #NAME?

Sheet Sheet6
A1: FREE_FLOAT_MC | B1: 미국 | C1: 일본 | D1: 영국 | E1: 프랑스 | F1: 캐나다 | G1: 스위스 | H1: 독일 | I1: 호주 | J1: 네덜란드 | K1: 스웨덴 | L1: 덴마크 | M1: 스페인 | N1: 이탈리아 | O1: 홍콩 | P1: 싱가포르 | Q1: 벨기에 | R1: 핀란드 | S1: 이스라엘 | T1: 노르웨이 | U1: 아일랜드 | V1: 뉴질랜드 | W1: 오스트리아 | X1: 포르투갈 | Y1: 중국 | Z1: 인도 | AA1: 대만 | AB1: 한국 | AC1: 브라질 | AD1: 사우디아라비아 | AE1: 남아프리카공화국 | AF1: 멕시코 | AG1: 인도네시아 | AH1: 말레이시아 | AI1: 아랍에미리트 | AJ1: 태국 | AK1: 쿠웨이트 | AL1: 카타르 | AM1: 폴란드 | AN1: 칠레 | AO1: 튀르키예 | AP1: 그리스 | AQ1: 필리핀 | AR1: 헝가리 | AS1: 이집트 | AT1: 체코 | AU1: 콜롬비아 | AV1: 페루
A2: USD Millions (추정) | B2: USA | C2: Japan | D2: UK | E2: France | F2: Canada | G2: Switzerland | H2: Germany | I2: Australia | J2: Netherlands | K2: Sweden | L2: Denmark | M2: Spain | N2: Italy | O2: Hong Kong | P2: Singapore | Q2: Belgium | R2: Finland | S2: Israel | T2: Norway | U2: Ireland | V2: New Zealand | W2: Austria | X2: Portugal | Y2: China | Z2: India | AA2: Taiwan | AB2: Korea | AC2: Brazil | AD2: Saudi Arabia | AE2: South Africa | AF2: Mexico | AG2: Indonesia | AH2: Malaysia | AI2: UAE | AJ2: Thailand | AK2: Kuwait | AL2: Qatar | AM2: Poland | AN2: Chile | AO2: Turkey | AP2: Greece | AQ2: Philippines | AR2: Hungary | AS2: Egypt | AT2: Czech Republic | AU2: Colombia | AV2: Peru
A3: Date | B3: FF=93% | C3: FF=72% | D3: FF=88% | E3: FF=82% | F3: FF=87% | G3: FF=85% | H3: FF=80% | I3: FF=85% | J3: FF=88% | K3: FF=82% | L3: FF=78% | M3: FF=75% | N3: FF=70% | O3: FF=80% | P3: FF=78% | Q3: FF=72% | R3: FF=78% | S3: FF=80% | T3: FF=70% | U3: FF=85% | V3: FF=80% | W3: FF=65% | X3: FF=68% | Y3: FF=35% | Z3: FF=50% | AA3: FF=55% | AB3: FF=62% | AC3: FF=55% | AD3: FF=30% | AE3: FF=60% | AF3: FF=55% | AG3: FF=48% | AH3: FF=55% | AI3: FF=35% | AJ3: FF=55% | AK3: FF=40% | AL3: FF=30% | AM3: FF=60% | AN3: FF=50% | AO3: FF=50% | AP3: FF=55% | AQ3: FF=42% | AR3: FF=55% | AS3: FF=40% | AT3: FF=55% | AU3: FF=45% | AV3: FF=50%
A4: 03/17/2026 | B4: 46101619 | C4: 2897589.1 | D4: 2365307.5 | E4: 1458525.7 | F4: 2152091.2 | G4: 1405646.5 | H4: 1288096.1 | I4: 1016759.6 | J4: 827695.26 | K4: 538542.37 | L4: 225773.23 | M4: 501737.9 | N4: 395554.19 | O4: 286170.12 | P4: 233306.6 | Q4: 140080.96 | R4: 167293.43 | S4: 155205.64 | T4: 88664.85 | U4: 64000.579 | V4: 24965.196 | W4: 35851.744 | X4: 26099.193 | Y4: 825741.7 | Z4: 591738.99 | AA4: 1146411.8 | AB4: 974455.93 | AC4: 238119.46 | AD4: 77976.646 | AE4: 201324.25 | AF4: 97494.201 | AG4: 38098.429 | AH4: 61162.851 | AI4: 40334.915 | AJ4: 54520.455 | AK4: 22948.459 | AL4: 15936.715 | AM4: 60347.648 | AN4: 23967.972 | AO4: 21489.004 | AP4: 24235.754 | AQ4: 13411.962 | AR4: 15738.091 | AS4: 2694.0586 | AT4: 6590.4724 | AU4: 6255.251 | AV4: 18968.945
A5: 02/27/2026 | B5: 47258032 | C5: 3201084.3 | D5: 2506199.8 | E5: 1619958.6 | F5: 2241702.9 | G5: 1545756.1 | H5: 1410192.1 | I5: 1078552.2 | J5: 883234.48 | K5: 585751.22 | L5: 230699.61 | M5: 543181.08 | N5: 423217.9 | O5: 303634.27 | P5: 241423.58 | Q5: 151216.68 | R5: 170872.11 | S5: 146553.01 | T5: 83894.084 | U5: 70798.579 | V5: 26644.14 | W5: 31795.595 | X5: 26634.143 | Y5: 829329.4 | Z5: 639323.94 | AA5: 1234114.3 | AB5: 1117710.6 | AC5: 250232.35 | AD5: 77403.487 | AE5: 235666.8 | AF5: 108528.43 | AG5: 45689.174 | AH5: 61647.203 | AI5: 48544.373 | AJ5: 61190.53 | AK5: 23079.489 | AL5: 17531.68 | AM5: 63206.65 | AN5: 26306.525 | AO5: 22246.961 | AP5: 28419.465 | AQ5: 15222.29 | AR5: 17460.384 | AS5: 3279.7051 | AT5: 6752.374 | AU5: 6285.8159 | AV5: 21422.157
A6: 01/30/2026 | B6: 47695402 | C6: 2948368.5 | D6: 2393264.2 | E6: 1541152 | F6: 2114234.5 | G6: 1460141 | H6: 1375053.7 | I6: 1005816.3 | J6: 874239.01 | K6: 561055.12 | L6: 283317.19 | M6: 538630.77 | N6: 411717 | O6: 295821.7 | P6: 239903.86 | Q6: 149025.95 | R6: 162242.37 | S6: 164668.79 | T6: 77237.996 | U6: 72297.95 | V6: 25711.016 | W6: 33467.822 | X6: 25518.617 | Y6: 880151.62 | Z6: 631158.02 | AA6: 1094512 | AB6: 917779.02 | AC6: 240959.24 | AD6: 82177.16 | AE6: 214958 | AF6: 101467.69 | AG6: 46215.718 | AH6: 61923.55 | AI6: 46936.82 | AJ6: 51215.542 | AK6: 23143.211 | AL6: 17986.789 | AM6: 62623.026 | AN6: 28086.43 | AO6: 22438.619 | AP6: 30228.145 | AQ6: 14190.399 | AR6: 17814.358 | AS6: 3322.2025 | AT6: 6996.1593 | AU6: 7158.5183 | AV6: 19919.752
A7: 12/31/2025 | B7: 47118489 | C7: 2766427.5 | D7: 2277255.1 | E7: 1522964.6 | F7: 2093806.4 | G7: 1422557.8 | H7: 1352825.2 | I7: 943220.55 | J7: 761290.07 | K7: 527951.73 | L7: 260625.16 | M7: 512692.27 | N7: 401428.22 | O7: 277735.71 | P7: 230783.42 | Q7: 139190.29 | R7: 158497.33 | S7: 151528.22 | T7: 70059.851 | U7: 71495.61 | V7: 24165.471 | W7: 31108.129 | X7: 23552.669 | Y7: 840853.3 | Z7: 665154.06 | AA7: 985220.79 | AB7: 717840.34 | AC7: 206503.08 | AD7: 74374.975 | AE7: 198656.82 | AF7: 92704.046 | AG7: 48609.808 | AH7: 57866.165 | AI7: 43885.971 | AJ7: 48055.12 | AK7: 23919.004 | AL7: 17059.446 | AM7: 58324.714 | AN7: 24815.086 | AO7: 18146.741 | AP7: 26605.601 | AQ7: 13518.562 | AR7: 14938.205 | AS7: 2667.9228 | AT7: 7085.1758 | AU7: 5617.3172 | AV7: 15672.979
A8: 11/28/2025 | B8: 47175362 | C8: 2755995.8 | D8: 2202333.5 | E8: 1499485.8 | F8: 2035409.2 | G8: 1359698.3 | H8: 1296080.8 | I8: 911434.86 | J8: 736563.19 | K8: 504520.98 | L8: 247759.71 | M8: 478353.86 | N8: 383491.82 | O8: 279471.61 | P8: 228165.67 | Q8: 138048.23 | R8: 148787.85 | S8: 142670.87 | T8: 66644.889 | U8: 68975.936 | V8: 24157.006 | W8: 28809.679 | X8: 23428.627 | Y8: 853106.6 | Z8: 667453.07 | AA8: 932582.04 | AB8: 637791.32 | AC8: 214275.76 | AD8: 74753.42 | AE8: 182159.56 | AF8: 90298.698 | AG8: 49130.451 | AH8: 54467.784 | AI8: 41575.002 | AJ8: 46816.843 | AK8: 23647.427 | AL8: 16736.366 | AM8: 53654.937 | AN8: 23159.261 | AO8: 17573.451 | AP8: 26350.743 | AQ8: 13404.993 | AR8: 14529.925 | AS8: 2630.8929 | AT8: 6925.6951 | AU8: 5523.2596 | AV8: 14272.337
A9: 10/31/2025 | B9: 47208808 | C9: 2761865.8 | D9: 2186531.2 | E9: 1501434.9 | F9: 1960042.4 | G9: 1322637.4 | H9: 1284880.7 | I9: 953706.23 | J9: 743338.03 | K9: 501534.2 | L9: 239194.69 | M9: 457793.92 | N9: 376512.74 | O9: 275100.56 | P9: 230878.05 | Q9: 128843.18 | R9: 149155.08 | S9: 143151.42 | T9: 66376.501 | U9: 63378.863 | V9: 24340.579 | W9: 24985.657 | X9: 24996.065 | Y9: 865419.37 | Z9: 655024.76 | AA9: 968732.94 | AB9: 688304.37 | AC9: 196910.58 | AD9: 82450.356 | AE9: 174066.81 | AF9: 89737.679 | AG9: 46263.186 | AH9: 53752.457 | AI9: 43455.318 | AJ9: 48114.019 | AK9: 24128.796 | AL9: 17114.365 | AM9: 52481.395 | AN9: 20310.26 | AO9: 18168.228 | AP9: 27497.02 | AQ9: 13317.945 | AR9: 13705.107 | AS9: 2484.3062 | AT9: 6690.4844 | AU9: 5197.5791 | AV9: 14355.831
A10: 09/30/2025 | B10: 46137329 | C10: 2671233.6 | D10: 2154112.2 | E10: 1489333.1 | F10: 1956089.7 | G10: 1311615.1 | H10: 1312332.7 | I10: 963707.29 | J10: 723369.15 | K10: 493578.43 | L10: 247315.47 | M10: 451127.12 | N10: 374893.62 | O10: 275050.28 | P10: 231682.87 | Q10: 126544.94 | R10: 139168.47 | S10: 142595.63 | T10: 69698.951 | U10: 63223.816 | V10: 24251.932 | W10: 23708.464 | X10: 23797.651 | Y10: 899983.71 | Z10: 627894.2 | AA10: 881945.38 | AB10: 561183.06 | AC10: 195625.37 | AD10: 81674.713 | AE10: 173717.22 | AF10: 90669.033 | AG10: 44528.737 | AH10: 53697.678 | AI10: 41632.476 | AJ10: 46115.762 | AK10: 24161.17 | AL10: 17244.113 | AM10: 50166.15 | AN10: 18973.133 | AO10: 18887.23 | AP10: 28752.343 | AQ10: 13310.04 | AR10: 12613.743 | AS10: 2353.0022 | AT10: 6645.9501 | AU10: 4771.8562 | AV10: 13954.491
A11: 08/29/2025 | B11: 44548142 | C11: 2632505.3 | D11: 2128058.8 | E11: 1448044.1 | F11: 1888200.6 | G11: 1318153.8 | H11: 1320893.9 | I11: 970932.43 | J11: 639061.91 | K11: 484686.4 | L11: 252730.79 | M11: 432562.57 | N11: 369424.31 | O11: 273138.67 | P11: 232379.71 | Q11: 124936.82 | R11: 134028.5 | S11: 134627.22 | T11: 68462.423 | U11: 60408.354 | V11: 23998.808 | W11: 23353.718 | X11: 22989.525 | Y11: 820898.24 | Z11: 624840.77 | AA11: 807523.7 | AB11: 508570.57 | AC11: 185730.76 | AD11: 75265.806 | AE11: 154468.11 | AF11: 82706.218 | AG11: 45542.808 | AH11: 52344.693 | AI11: 42867.172 | AJ11: 44849.136 | AK11: 23421.603 | AL11: 17581.345 | AM11: 49436.374 | AN11: 18555.809 | AO11: 19020.947 | AP11: 27947.167 | AQ11: 14066.558 | AR11: 12746.612 | AS11: 2211.7022 | AT11: 6547.6807 | AU11: 4514.6896 | AV11: 12370.671
A12: 07/31/2025 | B12: 43712529 | C12: 2470082.5 | D12: 2075920.6 | E12: 1437781.6 | F12: 1787115 | G12: 1265287.2 | H12: 1304416.3 | I12: 941980.27 | J12: 623762.1 | K12: 461177.25 | L12: 238483.36 | M12: 408130.35 | N12: 353612.08 | O12: 267495.81 | P12: 219675.79 | Q12: 117874 | R12: 128437.53 | S12: 119302.18 | T12: 67715.461 | U12: 60247.936 | V12: 24112.442 | W12: 22657.758 | X12: 18631.761 | Y12: 774913.03 | Z12: 639934.53 | AA12: 812121.1 | AB12: 515475.23 | AC12: 169043.58 | AD12: 77222.522 | AE12: 145983.31 | AF12: 80138.534 | AG12: 41404.935 | AH12: 51158.586 | AI12: 44995.604 | AJ12: 46394.684 | AK12: 23388.742 | AL12: 17647.418 | AM12: 51650.229 | AN12: 16243.566 | AO12: 20705.587 | AP12: 26946.29 | AQ12: 13855.433 | AR12: 12187.656 | AS12: 2093.7555 | AT12: 6926.9224 | AU12: 4031.6125 | AV12: 11532.674
A13: 06/30/2025 | B13: 42786501 | C13: 2505135.1 | D13: 2057312.7 | E13: 1455974.3 | F13: 1784360.3 | G13: 1297492.3 | H13: 1328543.9 | I13: 936675.26 | J13: 664729.34 | K13: 477255.17 | L13: 285211.93 | M13: 398817.95 | N13: 350290.79 | O13: 255252.24 | P13: 215816.97 | Q13: 117242.48 | R13: 132428.56 | S13: 125736.75 | T13: 70748.188 | U13: 62428.315 | V13: 24312.958 | W13: 21724.866 | X13: 18401.966 | Y13: 741244.09 | Z13: 674919.83 | AA13: 775467.45 | AB13: 495685.31 | AC13: 181713.47 | AD13: 78239.787 | AE13: 144187.7 | AF13: 80513.996 | AG13: 41873.99 | AH13: 52383.248 | AI13: 41025.179 | AJ13: 40573.199 | AK13: 22839.594 | AL13: 16656.631 | AM13: 51273.613 | AN13: 17083.41 | AO13: 19607.831 | AP13: 25396.264 | AQ13: 14500.906 | AR13: 11915.297 | AS13: 1873.4273 | AT13: 6952.5576 | AU13: 3991.8004 | AV13: 11368.004
A14: 05/30/2025 | B14: 40963985 | C14: 2467950 | D14: 2045020.5 | E14: 1432197.2 | F14: 1723082.4 | G14: 1288428.3 | H14: 1295098.5 | I14: 898757.57 | J14: 630695.65 | K14: 465603.5 | L14: 287021.74 | M14: 382254.47 | N14: 344441.75 | O14: 242381.72 | P14: 206440.35 | Q14: 109464.25 | R14: 127494.57 | S14: 121994.76 | T14: 67844.653 | U14: 43211.919 | V14: 23650.494 | W14: 20969.206 | X14: 17020.087 | Y14: 714698.23 | Z14: 654726.5 | AA14: 713167.16 | AB14: 420544.56 | AC14: 168414.85 | AD14: 74807.991 | AE14: 137029.92 | AF14: 79391.167 | AG14: 44311.03 | AH14: 51302.404 | AI14: 35238.55 | AJ14: 44266.038 | AK14: 21596.896 | AL14: 16229.803 | AM14: 43835.923 | AN14: 16229.379 | AO14: 17578.047 | AP14: 24181.488 | AQ14: 14601.974 | AR14: 11495.452 | AS14: 1872.6006 | AT14: 6568.1775 | AU14: 3707.1917 | AV14: 10545.213
A15: 04/30/2025 | B15: 38522649 | C15: 2372979.5 | D15: 1969291.2 | E15: 1407763.5 | F15: 1625863.2 | G15: 1269466.6 | H15: 1243260.4 | I15: 866580.73 | J15: 582382.82 | K15: 451301.23 | L15: 271463.97 | M15: 359919.39 | N15: 323670.05 | O15: 224776.07 | P15: 195153.2 | Q15: 107780.09 | R15: 121808.79 | S15: 113558.75 | T15: 64759.621 | U15: 39578.24 | V15: 22796.188 | W15: 18605.159 | X15: 16582.542 | Y15: 698116.19 | Z15: 647790.87 | AA15: 633799.78 | AB15: 389933.52 | AC15: 168707.05 | AD15: 79271.594 | AE15: 130667.14 | AF15: 77121.15 | AG15: 40603.609 | AH15: 51619.86 | AI15: 34055.211 | AJ15: 45982.517 | AK15: 21227.385 | AL15: 16142.595 | AM15: 42949.495 | AN15: 16033.294 | AO15: 17730.683 | AP15: 21747.153 | AQ15: 14526.89 | AR15: 11341.78 | AS15: 1804.4946 | AT15: 6299.7091 | AU15: 3807.7416 | AV15: 10126.452
... A133: 06/30/2015 | B133: 15338288 | C133: 1827996.3 | D133: 1980666.5 | E133: 881354.23 | F133: 898204.21 | G133: 870857.2 | H133: 789361.34 | I133: 647953.83 | J133: 270698.72 | K133: 266870.77 | L133: 143810.49 | M133: 292359.62 | N133: 187119.83 | O133: 288706.21 | P133: 124168.87 | Q133: 103518.45 | R133: 70672.534 | S133: 53533.658 | T133: 49694.637 | U133: 34808.32 | V133: 11470.329 | W133: 12520.034 | X133: 11460.409 | Y133: 295742.17 | Z133: 130157.21 | AA133: 236404.27 | AB133: 302018.12 | AC133: 140859.14 | AD133: 16660.195 | AE133: 160981.05 | AF133: 84283.922 | AG133: 37963.866 | AH133: 59138.895 | AI133: 8798.4802 | AJ133: 42381.276 | AK133: 7122.1766 | AL133: 9701.8902 | AM133: 29773.191 | AN133: 20737.032 | AO133: 24651.663 | AP133: 6137.2871 | AQ133: 19391.939 | AR133: 3929.207 | AS133: 2762.7459 | AT133: 3327.2637 | AU133: 8961.9993 | AV133: 6858.7986
A134: 05/29/2015 | B134: 15572110 | C134: 1857528.4 | D134: 2037034.8 | E134: 899462.57 | F134: 923692.28 | G134: 904110.43 | H134: 804596.49 | I134: 676312.67 | J134: 275634.62 | K134: 277292.23 | L134: 149183.66 | M134: 294627.96 | N134: 190045.19 | O134: 297421.86 | P134: 125399.12 | Q134: 104326.48 | R134: 72663.253 | S134: 52257.753 | T134: 51995.943 | U134: 34229.143 | V134: 12547.054 | W134: 15038.03 | X134: 11734.492 | Y134: 303091.82 | Z134: 119227.67 | AA134: 244255.11 | AB134: 311134.85 | AC134: 137033.88 | AD134: #N/A | AE134: 152352.06 | AF134: 86331.807 | AG134: 40323.047 | AH134: 62537.547 | AI134: 7467.8014 | AJ134: 41808.199 | AK134: 6997.8049 | AL134: 7730.715 | AM134: 30617.113 | AN134: 23977.218 | AO134: 25012.982 | AP134: 6464.9079 | AQ134: 18550.987 | AR134: 4198.7155 | AS134: 3094.4558 | AT134: 3400.7464 | AU134: 9584.5821 | AV134: 7060.1891
A135: 04/30/2015 | B135: 15411417 | C135: 1834587.1 | D135: 2049896.3 | E135: 925138.82 | F135: 974818.07 | G135: 895904.76 | H135: 838176.26 | I135: 698001.53 | J135: 274584.21 | K135: 282040.49 | L135: 150407.96 | M135: 305829.49 | N135: 188650.04 | O135: 302982.61 | P135: 132880.84 | Q135: 105882.02 | R135: 72770.817 | S135: 52435.031 | T135: 54409.628 | U135: 34169.671 | V135: 13436.329 | W135: 15575.222 | X135: 12558.246 | Y135: 313118.43 | Z135: 116076.23 | AA135: 244706.67 | AB135: 328798.55 | AC135: 155270.6 | AD135: #N/A | AE135: 166232.54 | AF135: 86279.311 | AG135: 39450.399 | AH135: 66956.445 | AI135: 8010.4143 | AJ135: 43498.906 | AK135: 7484.4253 | AL135: 8198.1158 | AM135: 32951.367 | AN135: 24436.785 | AO135: 25122.043 | AP135: 6522.195 | AQ135: 18825.686 | AR135: 4512.6002 | AS135: 3118.1603 | AT135: 3844.219 | AU135: 10923.527 | AV135: 7565.3646
A136: 03/31/2015 | B136: 15293921 | C136: 1771945.1 | D136: 1925157.6 | E136: 883546.3 | F136: 913098.48 | G136: 870486.64 | H136: 842911.62 | I136: 687454.92 | J136: 265568.38 | K136: 279332.26 | L136: 142423.72 | M136: 295583.3 | N136: 181325.43 | O136: 278359.9 | P136: 125638.76 | Q136: 104354.17 | R136: 75224.485 | S136: 52946.472 | T136: 49166.056 | U136: 32102.961 | V136: 12947.232 | W136: 14111.46 | X136: 11340.122 | Y136: 268310.01 | Z136: 123957.51 | AA136: 234024.51 | AB136: 308300.8 | AC136: 133515.41 | AD136: #N/A | AE136: 158339.16 | AF136: 85763.361 | AG136: 44034.904 | AH136: 64459.665 | AI136: 6988.2637 | AJ136: 43802.263 | AK136: 7189.9128 | AL136: 7999.5092 | AM136: 29833.346 | AN136: 23350.36 | AO136: 25095.782 | AP136: 6002.7486 | AQ136: 19358.649 | AR136: 3739.0613 | AS136: 3205.0007 | AT136: 3674.9962 | AU136: 9434.6854 | AV136: 6900.5445
A137: 02/27/2015 | B137: 15655280 | C137: 1754064.1 | D137: 2055186.3 | E137: 904352.89 | F137: 943897.33 | G137: 881311.41 | H137: 838008.71 | I137: 708553.85 | J137: 270759.64 | K137: 291627.67 | L137: 138024.99 | M137: 286657.41 | N137: 181643.7 | O137: 276847.39 | P137: 126321.3 | Q137: 108519.61 | R137: 77508.543 | S137: 47840.502 | T137: 51891.723 | U137: 34076.818 | V137: 13635.703 | W137: 14699.005 | X137: 11544.099 | Y137: 261989.21 | Z137: 127076.86 | AA137: 235542.68 | AB137: 303671.23 | AC137: 150795.39 | AD137: #N/A | AE137: 161059.41 | AF137: 88514.079 | AG137: 43423.846 | AH137: 64556.034 | AI137: 7505.9145 | AJ137: 44744.944 | AK137: 8094.9503 | AL137: 8491.2606 | AM137: 30124.111 | AN137: 23497.44 | AO137: 26411.54 | AP137: 7201.0815 | AQ137: 18865.015 | AR137: 3478.9377 | AS137: 3231.7889 | AT137: 3763.8199 | AU137: 10273.024 | AV137: 7226.8048
A138: 01/30/2015 | B138: 14815118 | C138: 1654180.1 | D138: 1941579.8 | E138: 848871.45 | F138: 891764.58 | G138: 842852.44 | H138: 787934.42 | I138: 662928.58 | J138: 254193.35 | K138: 272999.88 | L138: 127311.36 | M138: 267531.96 | N138: 167607.54 | O138: 278394.81 | P138: 126440 | Q138: 103174.73 | R138: 74639.63 | S138: 48025.696 | T138: 48763.591 | U138: 28669.044 | V138: 13068.37 | W138: 12630.411 | X138: 10472.616 | Y138: 253767.16 | Z138: 124801.18 | AA138: 227060.54 | AB138: 302420.46 | AC138: 147474.17 | AD138: #N/A | AE138: 160013.39 | AF138: 82472.909 | AG138: 42506.025 | AH138: 62528.374 | AI138: 6907.8921 | AJ138: 44510.41 | AK138: 7755.2554 | AL138: 8185.2011 | AM138: 29610.595 | AN138: 22157.597 | AO138: 29058.771 | AP138: 6010.7044 | AQ138: 18624.336 | AR138: 3058.922 | AS138: 3397.4995 | AT138: 3542.9392 | AU138: 10633.996 | AV138: 7006.0187
A139: 12/31/2014 | B139: 15268767 | C139: 1616490.4 | D139: 1963398.3 | E139: 840662.22 | F139: 974988.14 | G139: 837255.79 | H139: 775666.31 | I139: 674915.46 | J139: 256665.54 | K139: 267208.14 | L139: 124941.23 | M139: 279213.12 | N139: 167403.52 | O139: 263802.87 | P139: 129275.21 | Q139: 98848.029 | R139: 73831.034 | S139: 48895.509 | T139: 48178.316 | U139: 29827.158 | V139: 13427.23 | W139: 13717.239 | X139: 10571.972 | Y139: 247225.69 | Z139: 115655.45 | AA139: 224690.33 | AB139: 294377.14 | AC139: 157929.03 | AD139: #N/A | AE139: 153155.1 | AF139: 87758.688 | AG139: 43007.723 | AH139: 64159.093 | AI139: 7323.33 | AJ139: 43068.285 | AK139: 7721.4525 | AL139: 8608.5902 | AM139: 30756.596 | AN139: 23106.766 | AO139: 29286.831 | AP139: 8521.972 | AQ139: 17410.556 | AR139: 3279.4499 | AS139: 3202.9868 | AT139: 3793.2074 | AU139: 11729.142 | AV139: 7383.4232
A140: 11/28/2014 | B140: 15344625 | C140: 1641989.2 | D140: 2016736.1 | E140: 883070.3 | F140: 1000392.6 | G140: 878291.84 | H140: 811528.21 | I140: 687159.68 | J140: 265735.24 | K140: 279553.56 | L140: 132836.95 | M140: 301097.06 | N140: 182218.52 | O140: 275235.33 | P140: 130399.84 | Q140: 101948.76 | R140: 77351.864 | S140: 49066.943 | T140: 51606.4 | U140: 30723.088 | V140: 13038.196 | W140: 15303.102 | X140: 11816.462 | Y140: 241834.12 | Z140: 123014.31 | AA140: 229475.33 | AB140: 304055.84 | AC140: 178181.01 | AD140: #N/A | AE140: 159325.84 | AF140: 95102.073 | AG140: 43240.516 | AH140: 68657.76 | AI140: 8824.7317 | AJ140: 46390.855 | AK140: 8254.8521 | AL140: 9279.3155 | AM140: 33800.557 | AN140: 24128.194 | AO140: 31163.471 | AP140: 10472.947 | AQ140: 17408.6 | AR140: 3656.4362 | AS140: 3300.1943 | AT140: 4113.6775 | AU140: 12726.621 | AV140: 7640.0515
A141: 10/31/2014 | B141: 14912762 | C141: 1635626.7 | D141: 1999158.7 | E141: 849264.93 | F141: 993907.8 | G141: 850130.87 | H141: 754590.25 | I141: 737233.16 | J141: 256833.62 | K141: 270149.51 | L141: 130632.01 | M141: 286154.38 | N141: 182282.16 | O141: 272534.72 | P141: 126626.99 | Q141: 96802.346 | R141: 74972.607 | S141: 47858.717 | T141: 58531.937 | U141: 28612.626 | V141: 11373.492 | W141: 14908.29 | X141: 12551.385 | Y141: 235782.78 | Z141: 122930.64 | AA141: 226220.83 | AB141: 302654.82 | AC141: 189859.93 | AD141: #N/A | AE141: 157945.13 | AF141: 99937.744 | AG141: 42930.175 | AH141: 72341.45 | AI141: 6367.841 | AJ141: 43491.728 | AK141: 9122.3217 | AL141: 6340.7358 | AM141: 33674.981 | AN141: 24344.424 | AO141: 28839.582 | AP141: 10202.071 | AQ141: 17237.9 | AR141: 3655.5793 | AS141: 3259.741 | AT141: 4020.9541 | AU141: 14670.301 | AV141: 7421.9588
A142: 09/30/2014 | B142: 14584209 | C142: 1654300.2 | D142: 2053559 | E142: 888880.83 | F142: 1025466.3 | G142: 856485.28 | H142: 770178.04 | I142: 700289.92 | J142: 262644.48 | K142: 274459.97 | L142: 133836 | M142: 297869.94 | N142: 193569.09 | O142: 255351.8 | P142: 128280.43 | Q142: 98816.64 | R142: 75327.983 | S142: 48404.725 | T142: 64980.753 | U142: 29294.162 | V142: 11467.816 | W142: 15292.008 | X142: 13732.482 | Y142: 226009.99 | Z142: 118415.51 | AA142: 220635.84 | AB142: 312513.17 | AC142: 189824.25 | AD142: #N/A | AE142: 148604.09 | AF142: 100446.65 | AG142: 42857.605 | AH142: 72384.755 | AI142: 7137.019 | AJ142: 43714.903 | AK142: 9488.2594 | AL142: 6424.4501 | AM142: 34959.664 | AN142: 24512.407 | AO142: 26110.382 | AP142: 11988.264 | AQ142: 17332.621 | AR142: 3761.1198 | AS142: 3504.3536 | AT142: 4514.7909 | AU142: 15262.102 | AV142: 7456.8174
A143: 08/29/2014 | B143: 14890121 | C143: 1673887.5 | D143: 2165391 | E143: 919805.25 | F143: 1097879.9 | G143: 879546.95 | H143: 804058.03 | I143: 791029.06 | J143: 266036.08 | K143: 281189.08 | L143: 130951.74 | M143: 306016.51 | N143: 196913.81 | O143: 276242.7 | P143: 133661.12 | Q143: 100383.26 | R143: 77304.536 | S143: 47607.589 | T143: 69391.868 | U143: 29123.961 | V143: 12425.546 | W143: 16875.837 | X143: 15210.071 | Y143: 241219.32 | Z143: 120974.67 | AA143: 237281.93 | AB143: 339841.18 | AC143: 235348.27 | AD143: #N/A | AE143: 162255.37 | AF143: 104351.05 | AG143: 43966.433 | AH143: 75669.114 | AI143: 6783.2865 | AJ143: 45124.51 | AK143: 9508.7661 | AL143: 4859.9835 | AM143: 33087.887 | AN143: 25108.058 | AO143: 29718.315 | AP143: 13732.892 | AQ143: 14873.038 | AR143: 3824.8983 | AS143: 3300.1839 | AT143: 4364.7997 | AU143: 16495.67 | AV143: 7970.3558
A144: 07/31/2014 | B144: 14340240 | C144: 1711441.6 | D144: 2168556 | E144: 909707.95 | F144: 1074365.1 | G144: 860826.36 | H144: 811320.7 | I144: 787986.69 | J144: 261108.61 | K144: 281865.88 | L144: 132799.2 | M144: 310175.65 | N144: 201448.55 | O144: 279699.77 | P144: 135320.88 | Q144: 97900.621 | R144: 76991.758 | S144: 49118.373 | T144: 68275.514 | U144: 28299.592 | V144: 12563.369 | W144: 17262.306 | X144: 15443.681 | Y144: 240766.86 | Z144: 118089.42 | AA144: 230444.43 | AB144: 342586.41 | AC144: 212459.8 | AD144: #N/A | AE144: 159507.66 | AF144: 99423.907 | AG144: 44585.128 | AH144: 75012.024 | AI144: 6786.8332 | AJ144: 43021.356 | AK144: 9400.0782 | AL144: 4804.8881 | AM144: 32553.717 | AN144: 25232.26 | AO144: 30774.907 | AP144: 13755.52 | AQ144: 14503.575 | AR144: 3831.5047 | AS144: 3038.0741 | AT144: 4174.5725 | AU144: 16160.689 | AV144: 7537.3716
A145: 06/30/2014 | B145: 14572313 | C145: 1699788.6 | D145: 2200225.1 | E145: 968285.02 | F145: 1076906.7 | G145: 896495.26 | H145: 867174.1 | I145: 766065.31 | J145: 275738.42 | K145: 291117.53 | L145: 136070.3 | M145: 321415.42 | N145: 212878.1 | O145: 264479.54 | P145: 130108.06 | Q145: 102036.26 | R145: 77521.188 | S145: 48654.784 | T145: 70955.356 | U145: 29351.94 | V145: 12776.494 | W145: 20210.733 | X145: 14396.949 | Y145: 223929.13 | Z145: 119373.76 | AA145: 233224.27 | AB145: 336522.65 | AC145: 208803.55 | AD145: #N/A | AE145: 157056.87 | AF145: 98224.888 | AG145: 41251.898 | AH145: 75058.054 | AI145: 5806.2965 | AJ145: 42097.528 | AK145: 9181.4226 | AL145: 4275.0721 | AM145: 34735.374 | AN145: 26566.361 | AO145: 29609.704 | AP145: 15005.709 | AQ145: 14400.264 | AR145: 4314.8964 | AS145: 2724.1559 | AT145: 4538.3342 | AU145: 16174.024 | AV145: 7586.5793
... A245: 02/28/2006 | B245: 9369456.5 | C245: 1680698.3 | D245: 1933602.3 | E245: 709578.75 | F245: 604503.37 | G245: 533963.47 | H245: 512416.23 | I245: 405140.97 | J245: 278378.25 | K245: 174146.17 | L245: 47236.167 | M245: 264497.53 | N245: 244518.38 | O245: 121072.81 | P245: 60903.331 | Q245: 77904.193 | R245: 105350.17 | S245: 39340.552 | T245: 48366.963 | U245: 63318.289 | V245: 12316.764 | W245: 26729.668 | X245: 18487.279 | Y245: 44237.241 | Z245: 46122.979 | AA245: 114609.05 | AB245: 170015.58 | AC245: 99838.274 | AD245: #N/A | AE245: 91719.43 | AF245: 51813.1 | AG245: 10748.906 | AH245: 23697.247 | AI245: 9869.8621 | AJ245: 15552.072 | AK245: 12808.061 | AL245: 3323.858 | AM245: 15353.105 | AN245: 12712.3 | AO245: 19177.703 | AP245: 34646.316 | AQ245: 2879.3509 | AR245: 10574.471 | AS245: 5241.2294 | AT245: 7418.7305 | AU245: 2690.1227 | AV245: 3906.0657
A246: 01/31/2006 | B246: #N/A | C246: #N/A | D246: #N/A | E246: #N/A | F246: #N/A | G246: #N/A | H246: #N/A | I246: #N/A | J246: #N/A | K246: #N/A | L246: #N/A | M246: #N/A | N246: #N/A | O246: #N/A | P246: #N/A | Q246: #N/A | R246: #N/A | S246: #N/A | T246: #N/A | U246: #N/A | V246: #N/A | W246: #N/A | X246: #N/A | Y246: #N/A | Z246: #N/A | AA246: #N/A | AB246: #N/A | AC246: #N/A | AD246: #N/A | AE246: #N/A | AF246: #N/A | AG246: #N/A | AH246: #N/A | AI246: #N/A | AJ246: #N/A | AK246: #N/A | AL246: #N/A | AM246: #N/A | AN246: #N/A | AO246: #N/A | AP246: #N/A | AQ246: #N/A | AR246: #N/A | AS246: #N/A | AT246: #N/A | AU246: #N/A | AV246: #N/A
A247: 12/30/2005 | B247: #N/A | C247: #N/A | D247: #N/A | E247: #N/A | F247: #N/A | G247: #N/A | H247: #N/A | I247: #N/A | J247: #N/A | K247: #N/A | L247: #N/A | M247: #N/A | N247: #N/A | O247: #N/A | P247: #N/A | Q247: #N/A | R247: #N/A | S247: #N/A | T247: #N/A | U247: #N/A | V247: #N/A | W247: #N/A | X247: #N/A | Y247: #N/A | Z247: #N/A | AA247: #N/A | AB247: #N/A | AC247: #N/A | AD247: #N/A | AE247: #N/A | AF247: #N/A | AG247: #N/A | AH247: #N/A | AI247: #N/A | AJ247: #N/A | AK247: #N/A | AL247: #N/A | AM247: #N/A | AN247: #N/A | AO247: #N/A | AP247: #N/A | AQ247: #N/A | AR247: #N/A | AS247: #N/A | AT247: #N/A | AU247: #N/A | AV247: #N/A
A248: 11/30/2005 | B248: #N/A | C248: #N/A | D248: #N/A | E248: #N/A | F248: #N/A | G248: #N/A | H248: #N/A | I248: #N/A | J248: #N/A | K248: #N/A | L248: #N/A | M248: #N/A | N248: #N/A | O248: #N/A | P248: #N/A | Q248: #N/A | R248: #N/A | S248: #N/A | T248: #N/A | U248: #N/A | V248: #N/A | W248: #N/A | X248: #N/A | Y248: #N/A | Z248: #N/A | AA248: #N/A | AB248: #N/A | AC248: #N/A | AD248: #N/A | AE248: #N/A | AF248: #N/A | AG248: #N/A | AH248: #N/A | AI248: #N/A | AJ248: #N/A | AK248: #N/A | AL248: #N/A | AM248: #N/A | AN248: #N/A | AO248: #N/A | AP248: #N/A | AQ248: #N/A | AR248: #N/A | AS248: #N/A | AT248: #N/A | AU248: #N/A | AV248: #N/A
A249: 10/31/2005 | B249: #N/A | C249: #N/A | D249: #N/A | E249: #N/A | F249: #N/A | G249: #N/A | H249: #N/A | I249: #N/A | J249: #N/A | K249: #N/A | L249: #N/A | M249: #N/A | N249: #N/A | O249: #N/A | P249: #N/A | Q249: #N/A | R249: #N/A | S249: #N/A | T249: #N/A | U249: #N/A | V249: #N/A | W249: #N/A | X249: #N/A | Y249: #N/A | Z249: #N/A | AA249: #N/A | AB249: #N/A | AC249: #N/A | AD249: #N/A | AE249: #N/A | AF249: #N/A | AG249: #N/A | AH249: #N/A | AI249: #N/A | AJ249: #N/A | AK249: #N/A | AL249: #N/A | AM249: #N/A | AN249: #N/A | AO249: #N/A | AP249: #N/A | AQ249: #N/A | AR249: #N/A | AS249: #N/A | AT249: #N/A | AU249: #N/A | AV249: #N/A
A250: 09/30/2005 | B250: #N/A | C250: #N/A | D250: #N/A | E250: #N/A | F250: #N/A | G250: #N/A | H250: #N/A | I250: #N/A | J250: #N/A | K250: #N/A | L250: #N/A | M250: #N/A | N250: #N/A | O250: #N/A | P250: #N/A | Q250: #N/A | R250: #N/A | S250: #N/A | T250: #N/A | U250: #N/A | V250: #N/A | W250: #N/A | X250: #N/A | Y250: #N/A | Z250: #N/A | AA250: #N/A | AB250: #N/A | AC250: #N/A | AD250: #N/A | AE250: #N/A | AF250: #N/A | AG250: #N/A | AH250: #N/A | AI250: #N/A | AJ250: #N/A | AK250: #N/A | AL250: #N/A | AM250: #N/A | AN250: #N/A | AO250: #N/A | AP250: #N/A | AQ250: #N/A | AR250: #N/A | AS250: #N/A | AT250: #N/A | AU250: #N/A | AV250: #N/A
A251: 08/31/2005 | B251: #N/A | C251: #N/A | D251: #N/A | E251: #N/A | F251: #N/A | G251: #N/A | H251: #N/A | I251: #N/A | J251: #N/A | K251: #N/A | L251: #N/A | M251: #N/A | N251: #N/A | O251: #N/A | P251: #N/A | Q251: #N/A | R251: #N/A | S251: #N/A | T251: #N/A | U251: #N/A | V251: #N/A | W251: #N/A | X251: #N/A | Y251: #N/A | Z251: #N/A | AA251: #N/A | AB251: #N/A | AC251: #N/A | AD251: #N/A | AE251: #N/A | AF251: #N/A | AG251: #N/A | AH251: #N/A | AI251: #N/A | AJ251: #N/A | AK251: #N/A | AL251: #N/A | AM251: #N/A | AN251: #N/A | AO251: #N/A | AP251: #N/A | AQ251: #N/A | AR251: #N/A | AS251: #N/A | AT251: #N/A | AU251: #N/A | AV251: #N/A
A252: 07/29/2005 | B252: #N/A | C252: #N/A | D252: #N/A | E252: #N/A | F252: #N/A | G252: #N/A | H252: #N/A | I252: #N/A | J252: #N/A | K252: #N/A | L252: #N/A | M252: #N/A | N252: #N/A | O252: #N/A | P252: #N/A | Q252: #N/A | R252: #N/A | S252: #N/A | T252: #N/A | U252: #N/A | V252: #N/A | W252: #N/A | X252: #N/A | Y252: #N/A | Z252: #N/A | AA252: #N/A | AB252: #N/A | AC252: #N/A | AD252: #N/A | AE252: #N/A | AF252: #N/A | AG252: #N/A | AH252: #N/A | AI252: #N/A | AJ252: #N/A | AK252: #N/A | AL252: #N/A | AM252: #N/A | AN252: #N/A | AO252: #N/A | AP252: #N/A | AQ252: #N/A | AR252: #N/A | AS252: #N/A | AT252: #N/A | AU252: #N/A | AV252: #N/A
A253: 06/30/2005 | B253: #N/A | C253: #N/A | D253: #N/A | E253: #N/A | F253: #N/A | G253: #N/A | H253: #N/A | I253: #N/A | J253: #N/A | K253: #N/A | L253: #N/A | M253: #N/A | N253: #N/A | O253: #N/A | P253: #N/A | Q253: #N/A | R253: #N/A | S253: #N/A | T253: #N/A | U253: #N/A | V253: #N/A | W253: #N/A | X253: #N/A | Y253: #N/A | Z253: #N/A | AA253: #N/A | AB253: #N/A | AC253: #N/A | AD253: #N/A | AE253: #N/A | AF253: #N/A | AG253: #N/A | AH253: #N/A | AI253: #N/A | AJ253: #N/A | AK253: #N/A | AL253: #N/A | AM253: #N/A | AN253: #N/A | AO253: #N/A | AP253: #N/A | AQ253: #N/A | AR253: #N/A | AS253: #N/A | AT253: #N/A | AU253: #N/A | AV253: #N/A
A254: 05/31/2005 | B254: #N/A | C254: #N/A | D254: #N/A | E254: #N/A | F254: #N/A | G254: #N/A | H254: #N/A | I254: #N/A | J254: #N/A | K254: #N/A | L254: #N/A | M254: #N/A | N254: #N/A | O254: #N/A | P254: #N/A | Q254: #N/A | R254: #N/A | S254: #N/A | T254: #N/A | U254: #N/A | V254: #N/A | W254: #N/A | X254: #N/A | Y254: #N/A | Z254: #N/A | AA254: #N/A | AB254: #N/A | AC254: #N/A | AD254: #N/A | AE254: #N/A | AF254: #N/A | AG254: #N/A | AH254: #N/A | AI254: #N/A | AJ254: #N/A | AK254: #N/A | AL254: #N/A | AM254: #N/A | AN254: #N/A | AO254: #N/A | AP254: #N/A | AQ254: #N/A | AR254: #N/A | AS254: #N/A | AT254: #N/A | AU254: #N/A | AV254: #N/A
A255: 04/29/2005 | B255: #N/A | C255: #N/A | D255: #N/A | E255: #N/A | F255: #N/A | G255: #N/A | H255: #N/A | I255: #N/A | J255: #N/A | K255: #N/A | L255: #N/A | M255: #N/A | N255: #N/A | O255: #N/A | P255: #N/A | Q255: #N/A | R255: #N/A | S255: #N/A | T255: #N/A | U255: #N/A | V255: #N/A | W255: #N/A | X255: #N/A | Y255: #N/A | Z255: #N/A | AA255: #N/A | AB255: #N/A | AC255: #N/A | AD255: #N/A | AE255: #N/A | AF255: #N/A | AG255: #N/A | AH255: #N/A | AI255: #N/A | AJ255: #N/A | AK255: #N/A | AL255: #N/A | AM255: #N/A | AN255: #N/A | AO255: #N/A | AP255: #N/A | AQ255: #N/A | AR255: #N/A | AS255: #N/A | AT255: #N/A | AU255: #N/A | AV255: #N/A
A256: 03/31/2005 | B256: #N/A | C256: #N/A | D256: #N/A | E256: #N/A | F256: #N/A | G256: #N/A | H256: #N/A | I256: #N/A | J256: #N/A | K256: #N/A | L256: #N/A | M256: #N/A | N256: #N/A | O256: #N/A | P256: #N/A | Q256: #N/A | R256: #N/A | S256: #N/A | T256: #N/A | U256: #N/A | V256: #N/A | W256: #N/A | X256: #N/A | Y256: #N/A | Z256: #N/A | AA256: #N/A | AB256: #N/A | AC256: #N/A | AD256: #N/A | AE256: #N/A | AF256: #N/A | AG256: #N/A | AH256: #N/A | AI256: #N/A | AJ256: #N/A | AK256: #N/A | AL256: #N/A | AM256: #N/A | AN256: #N/A | AO256: #N/A | AP256: #N/A | AQ256: #N/A | AR256: #N/A | AS256: #N/A | AT256: #N/A | AU256: #N/A | AV256: #N/A
A257: 02/28/2005 | B257: #N/A | C257: #N/A | D257: #N/A | E257: #N/A | F257: #N/A | G257: #N/A | H257: #N/A | I257: #N/A | J257: #N/A | K257: #N/A | L257: #N/A | M257: #N/A | N257: #N/A | O257: #N/A | P257: #N/A | Q257: #N/A | R257: #N/A | S257: #N/A | T257: #N/A | U257: #N/A | V257: #N/A | W257: #N/A | X257: #N/A | Y257: #N/A | Z257: #N/A | AA257: #N/A | AB257: #N/A | AC257: #N/A | AD257: #N/A | AE257: #N/A | AF257: #N/A | AG257: #N/A | AH257: #N/A | AI257: #N/A | AJ257: #N/A | AK257: #N/A | AL257: #N/A | AM257: #N/A | AN257: #N/A | AO257: #N/A | AP257: #N/A | AQ257: #N/A | AR257: #N/A | AS257: #N/A | AT257: #N/A | AU257: #N/A | AV257: #N/A
... A318: 01/31/2000 | B318: #N/A | C318: #N/A | D318: #N/A | E318: #N/A | F318: #N/A | G318: #N/A | H318: #N/A | I318: #N/A | J318: #N/A | K318: #N/A | L318: #N/A | M318: #N/A | N318: #N/A | O318: #N/A | P318: #N/A | Q318: #N/A | R318: #N/A | S318: #N/A | T318: #N/A | U318: #N/A | V318: #N/A | W318: #N/A | X318: #N/A | Y318: #N/A | Z318: #N/A | AA318: #N/A | AB318: #N/A | AC318: #N/A | AD318: #N/A | AE318: #N/A | AF318: #N/A | AG318: #N/A | AH318: #N/A | AI318: #N/A | AJ318: #N/A | AK318: #N/A | AL318: #N/A | AM318: #N/A | AN318: #N/A | AO318: #N/A | AP318: #N/A | AQ318: #N/A | AR318: #N/A | AS318: #N/A | AT318: #N/A | AU318: #N/A | AV318: #N/A

Sheet PER
A1: PER | B1: 미국 | C1: 일본 | D1: 영국 | E1: 프랑스 | F1: 캐나다 | G1: 스위스 | H1: 독일 | I1: 호주 | J1: 네덜란드 | K1: 스웨덴 | L1: 덴마크 | M1: 스페인 | N1: 이탈리아 | O1: 홍콩 | P1: 싱가포르 | Q1: 벨기에 | R1: 핀란드 | S1: 이스라엘 | T1: 노르웨이 | U1: 아일랜드 | V1: 뉴질랜드 | W1: 오스트리아 | X1: 포르투갈 | Y1: 중국 | Z1: 인도 | AA1: 대만 | AB1: 한국 | AC1: 브라질 | AD1: 사우디아라비아 | AE1: 남아프리카공화국 | AF1: 멕시코 | AG1: 인도네시아 | AH1: 말레이시아 | AI1: 아랍에미리트 | AJ1: 태국 | AK1: 쿠웨이트 | AL1: 카타르 | AM1: 폴란드 | AN1: 칠레 | AO1: 튀르키예 | AP1: 그리스 | AQ1: 필리핀 | AR1: 헝가리 | AS1: 이집트 | AT1: 체코 | AU1: 콜롬비아 | AV1: 페루
A2: 배수 (x) | B2: USA | C2: Japan | D2: UK | E2: France | F2: Canada | G2: Switzerland | H2: Germany | I2: Australia | J2: Netherlands | K2: Sweden | L2: Denmark | M2: Spain | N2: Italy | O2: Hong Kong | P2: Singapore | Q2: Belgium | R2: Finland | S2: Israel | T2: Norway | U2: Ireland | V2: New Zealand | W2: Austria | X2: Portugal | Y2: China | Z2: India | AA2: Taiwan | AB2: Korea | AC2: Brazil | AD2: Saudi Arabia | AE2: South Africa | AF2: Mexico | AG2: Indonesia | AH2: Malaysia | AI2: UAE | AJ2: Thailand | AK2: Kuwait | AL2: Qatar | AM2: Poland | AN2: Chile | AO2: Turkey | AP2: Greece | AQ2: Philippines | AR2: Hungary | AS2: Egypt | AT2: Czech Republic | AU2: Colombia | AV2: Peru
A3: Date | B3: 984000 | C3: 939200 | D3: 982600 | E3: 925000 | F3: 912400 | G3: 975600 | H3: 928000 | I3: 903600 | J3: 952800 | K3: 975200 | L3: 920800 | M3: 972400 | N3: 938000 | O3: 934400 | P3: 998100 | Q3: 905600 | R3: 924600 | S3: MS300400 | T3: 957800 | U3: 937200 | V3: 955400 | W3: 904000 | X3: 962000 | Y3: MS302400 | Z3: 935600 | AA3: 915800 | AB3: 941000 | AC3: 907600 | AD3: MS705405 | AE3: 971000 | AF3: 848400 | AG3: 105767 | AH3: 105768 | AI3: MS133717 | AJ3: 105769 | AK3: MS133713 | AL3: MS133715 | AM3: 961600 | AN3: 915200 | AO3: 979200 | AP3: 930000 | AQ3: 860800 | AR3: 934800 | AS3: 105766 | AT3: 920000 | AU3: 917000 | AV3: 960400
A4: 03/17/2026 | B4: =_xll.FDS(B3,"FG_PE(3/17/2026)") -> #NAME? | C4: =_xll.FDS(C3,"FG_PE(3/17/2026)") -> #NAME? | D4: =_xll.FDS(D3,"FG_PE(3/17/2026)") -> #NAME? | E4: =_xll.FDS(E3,"FG_PE(3/17/2026)") -> #NAME? | F4: =_xll.FDS(F3,"FG_PE(3/17/2026)") -> #NAME? | G4: =_xll.FDS(G3,"FG_PE(3/17/2026)") -> #NAME? | H4: =_xll.FDS(H3,"FG_PE(3/17/2026)") -> #NAME? | I4: =_xll.FDS(I3,"FG_PE(3/17/2026)") -> #NAME? | ... AV4: =_xll.FDS(AV3,"FG_PE(3/17/2026)") -> #NAME?
A5: 02/27/2026 | B5: {=_xll.FDS(B3,"FG_PE(2/27/2026,1/29/2000,M)")} -> #NAME? | C5: {=_xll.FDS(C3,"FG_PE(2/27/2026,1/29/2000,M)")} -> #NAME? | D5: {=_xll.FDS(D3,"FG_PE(2/27/2026,1/29/2000,M)")} -> #NAME? | E5: {=_xll.FDS(E3,"FG_PE(2/27/2026,1/29/2000,M)")} -> #NAME? | F5: {=_xll.FDS(F3,"FG_PE(2/27/2026,1/29/2000,M)")} -> #NAME? | G5: {=_xll.FDS(G3,"FG_PE(2/27/2026,1/29/2000,M)")} -> #NAME? | H5: {=_xll.FDS(H3,"FG_PE(2/27/2026,1/29/2000,M)")} -> #NAME? | I5: {=_xll.FDS(I3,"FG_PE(2/27/2026,1/29/2000,M)")} -> #NAME? | ... AV5: {=_xll.FDS(AV3,"FG_PE(2/27/2026,1/29/2000,M)")} -> #NAME?
A6: 01/30/2026 | B6: #NAME? | C6: #NAME? | D6: #NAME? | E6: #NAME? | F6: #NAME? | G6: #NAME? | H6: #NAME? | I6: #NAME? | J6: #NAME? | K6: #NAME? | L6: #NAME? | M6: #NAME? | N6: #NAME? | O6: #NAME? | P6: #NAME? | Q6: #NAME? | R6: #NAME? | S6: #NAME? | T6: #NAME? | U6: #NAME? | V6: #NAME? | W6: #NAME? | X6: #NAME? | Y6: #NAME? | Z6: #NAME? | AA6: #NAME? | AB6: #NAME? | AC6: #NAME? | AD6: #NAME? | AE6: #NAME? | AF6: #NAME? | AG6: #NAME? | AH6: #NAME? | AI6: #NAME? | AJ6: #NAME? | AK6: #NAME? | AL6: #NAME? | AM6: #NAME? | AN6: #NAME? | AO6: #NAME? | AP6: #NAME? | AQ6: #NAME? | AR6: #NAME? | AS6: #NAME? | AT6: #NAME? | AU6: #NAME? | AV6: #NAME?
A7: 12/31/2025 | B7: #NAME? | C7: #NAME? | D7: #NAME? | E7: #NAME? | F7: #NAME? | G7: #NAME? | H7: #NAME? | I7: #NAME? | J7: #NAME? | K7: #NAME? | L7: #NAME? | M7: #NAME? | N7: #NAME? | O7: #NAME? | P7: #NAME? | Q7: #NAME? | R7: #NAME? | S7: #NAME? | T7: #NAME? | U7: #NAME? | V7: #NAME? | W7: #NAME? | X7: #NAME? | Y7: #NAME? | Z7: #NAME? | AA7: #NAME? | AB7: #NAME? | AC7: #NAME? | AD7: #NAME? | AE7: #NAME? | AF7: #NAME? | AG7: #NAME? | AH7: #NAME? | AI7: #NAME? | AJ7: #NAME? | AK7: #NAME? | AL7: #NAME? | AM7: #NAME? | AN7: #NAME? | AO7: #NAME? | AP7: #NAME? | AQ7: #NAME? | AR7: #NAME? | AS7: #NAME? | AT7: #NAME? | AU7: #NAME? | AV7: #NAME?
A8: 11/28/2025 | B8: #NAME? | C8: #NAME? | D8: #NAME? | E8: #NAME? | F8: #NAME? | G8: #NAME? | H8: #NAME? | I8: #NAME? | J8: #NAME? | K8: #NAME? | L8: #NAME? | M8: #NAME? | N8: #NAME? | O8: #NAME? | P8: #NAME? | Q8: #NAME? | R8: #NAME? | S8: #NAME? | T8: #NAME? | U8: #NAME? | V8: #NAME? | W8: #NAME? | X8: #NAME? | Y8: #NAME? | Z8: #NAME? | AA8: #NAME? | AB8: #NAME? | AC8: #NAME? | AD8: #NAME? | AE8: #NAME? | AF8: #NAME? | AG8: #NAME? | AH8: #NAME? | AI8: #NAME? | AJ8: #NAME? | AK8: #NAME? | AL8: #NAME? | AM8: #NAME? | AN8: #NAME? | AO8: #NAME? | AP8: #NAME? | AQ8: #NAME? | AR8: #NAME? | AS8: #NAME? | AT8: #NAME? | AU8: #NAME? | AV8: #NAME?
A9: 10/31/2025 | B9: #NAME? | C9: #NAME? | D9: #NAME? | E9: #NAME? | F9: #NAME? | G9: #NAME? | H9: #NAME? | I9: #NAME? | J9: #NAME? | K9: #NAME? | L9: #NAME? | M9: #NAME? | N9: #NAME? | O9: #NAME? | P9: #NAME? | Q9: #NAME? | R9: #NAME? | S9: #NAME? | T9: #NAME? | U9: #NAME? | V9: #NAME? | W9: #NAME? | X9: #NAME? | Y9: #NAME? | Z9: #NAME? | AA9: #NAME? | AB9: #NAME? | AC9: #NAME? | AD9: #NAME? | AE9: #NAME? | AF9: #NAME? | AG9: #NAME? | AH9: #NAME? | AI9: #NAME? | AJ9: #NAME? | AK9: #NAME? | AL9: #NAME? | AM9: #NAME? | AN9: #NAME? | AO9: #NAME? | AP9: #NAME? | AQ9: #NAME? | AR9: #NAME? | AS9: #NAME? | AT9: #NAME? | AU9: #NAME? | AV9: #NAME?
A10: 09/30/2025 | B10: #NAME? | C10: #NAME? | D10: #NAME? | E10: #NAME? | F10: #NAME? | G10: #NAME? | H10: #NAME? | I10: #NAME? | J10: #NAME? | K10: #NAME? | L10: #NAME? | M10: #NAME? | N10: #NAME? | O10: #NAME? | P10: #NAME? | Q10: #NAME? | R10: #NAME? | S10: #NAME? | T10: #NAME? | U10: #NAME? | V10: #NAME? | W10: #NAME? | X10: #NAME? | Y10: #NAME? | Z10: #NAME? | AA10: #NAME? | AB10: #NAME? | AC10: #NAME? | AD10: #NAME? | AE10: #NAME? | AF10: #NAME? | AG10: #NAME? | AH10: #NAME? | AI10: #NAME? | AJ10: #NAME? | AK10: #NAME? | AL10: #NAME? | AM10: #NAME? | AN10: #NAME? | AO10: #NAME? | AP10: #NAME? | AQ10: #NAME? | AR10: #NAME? | AS10: #NAME? | AT10: #NAME? | AU10: #NAME? | AV10: #NAME?
A11: 08/29/2025 | B11: #NAME? | C11: #NAME? | D11: #NAME? | E11: #NAME? | F11: #NAME? | G11: #NAME? | H11: #NAME? | I11: #NAME? | J11: #NAME? | K11: #NAME? | L11: #NAME? | M11: #NAME? | N11: #NAME? | O11: #NAME? | P11: #NAME? | Q11: #NAME? | R11: #NAME? | S11: #NAME? | T11: #NAME? | U11: #NAME? | V11: #NAME? | W11: #NAME? | X11: #NAME? | Y11: #NAME? | Z11: #NAME? | AA11: #NAME? | AB11: #NAME? | AC11: #NAME? | AD11: #NAME? | AE11: #NAME? | AF11: #NAME? | AG11: #NAME? | AH11: #NAME? | AI11: #NAME? | AJ11: #NAME? | AK11: #NAME? | AL11: #NAME? | AM11: #NAME? | AN11: #NAME? | AO11: #NAME? | AP11: #NAME? | AQ11: #NAME? | AR11: #NAME? | AS11: #NAME? | AT11: #NAME? | AU11: #NAME? | AV11: #NAME?
A12: 07/31/2025 | B12: #NAME? | C12: #NAME? | D12: #NAME? | E12: #NAME? | F12: #NAME? | G12: #NAME? | H12: #NAME? | I12: #NAME? | J12: #NAME? | K12: #NAME? | L12: #NAME? | M12: #NAME? | N12: #NAME? | O12: #NAME? | P12: #NAME? | Q12: #NAME? | R12: #NAME? | S12: #NAME? | T12: #NAME? | U12: #NAME? | V12: #NAME? | W12: #NAME? | X12: #NAME? | Y12: #NAME? | Z12: #NAME? | AA12: #NAME? | AB12: #NAME? | AC12: #NAME? | AD12: #NAME? | AE12: #NAME? | AF12: #NAME? | AG12: #NAME? | AH12: #NAME? | AI12: #NAME? | AJ12: #NAME? | AK12: #NAME? | AL12: #NAME? | AM12: #NAME? | AN12: #NAME? | AO12: #NAME? | AP12: #NAME? | AQ12: #NAME? | AR12: #NAME? | AS12: #NAME? | AT12: #NAME? | AU12: #NAME? | AV12: #NAME?
A13: 06/30/2025 | B13: #NAME? | C13: #NAME? | D13: #NAME? | E13: #NAME? | F13: #NAME? | G13: #NAME? | H13: #NAME? | I13: #NAME? | J13: #NAME? | K13: #NAME? | L13: #NAME? | M13: #NAME? | N13: #NAME? | O13: #NAME? | P13: #NAME? | Q13: #NAME? | R13: #NAME? | S13: #NAME? | T13: #NAME? | U13: #NAME? | V13: #NAME? | W13: #NAME? | X13: #NAME? | Y13: #NAME? | Z13: #NAME? | AA13: #NAME? | AB13: #NAME? | AC13: #NAME? | AD13: #NAME? | AE13: #NAME? | AF13: #NAME? | AG13: #NAME? | AH13: #NAME? | AI13: #NAME? | AJ13: #NAME? | AK13: #NAME? | AL13: #NAME? | AM13: #NAME? | AN13: #NAME? | AO13: #NAME? | AP13: #NAME? | AQ13: #NAME? | AR13: #NAME? | AS13: #NAME? | AT13: #NAME? | AU13: #NAME? | AV13: #NAME?
A14: 05/30/2025 | B14: #NAME? | C14: #NAME? | D14: #NAME? | E14: #NAME? | F14: #NAME? | G14: #NAME? | H14: #NAME? | I14: #NAME? | J14: #NAME? | K14: #NAME? | L14: #NAME? | M14: #NAME? | N14: #NAME? | O14: #NAME? | P14: #NAME? | Q14: #NAME? | R14: #NAME? | S14: #NAME? | T14: #NAME? | U14: #NAME? | V14: #NAME? | W14: #NAME? | X14: #NAME? | Y14: #NAME? | Z14: #NAME? | AA14: #NAME? | AB14: #NAME? | AC14: #NAME? | AD14: #NAME? | AE14: #NAME? | AF14: #NAME? | AG14: #NAME? | AH14: #NAME? | AI14: #NAME? | AJ14: #NAME? | AK14: #NAME? | AL14: #NAME? | AM14: #NAME? | AN14: #NAME? | AO14: #NAME? | AP14: #NAME? | AQ14: #NAME? | AR14: #NAME? | AS14: #NAME? | AT14: #NAME? | AU14: #NAME? | AV14: #NAME?
A15: 04/30/2025 | B15: #NAME? | C15: #NAME? | D15: #NAME? | E15: #NAME? | F15: #NAME? | G15: #NAME? | H15: #NAME? | I15: #NAME? | J15: #NAME? | K15: #NAME? | L15: #NAME? | M15: #NAME? | N15: #NAME? | O15: #NAME? | P15: #NAME? | Q15: #NAME? | R15: #NAME? | S15: #NAME? | T15: #NAME? | U15: #NAME? | V15: #NAME? | W15: #NAME? | X15: #NAME? | Y15: #NAME? | Z15: #NAME? | AA15: #NAME? | AB15: #NAME? | AC15: #NAME? | AD15: #NAME? | AE15: #NAME? | AF15: #NAME? | AG15: #NAME? | AH15: #NAME? | AI15: #NAME? | AJ15: #NAME? | AK15: #NAME? | AL15: #NAME? | AM15: #NAME? | AN15: #NAME? | AO15: #NAME? | AP15: #NAME? | AQ15: #NAME? | AR15: #NAME? | AS15: #NAME? | AT15: #NAME? | AU15: #NAME? | AV15: #NAME?
A16: 03/31/2025 | B16: #NAME? | C16: #NAME? | D16: #NAME? | E16: #NAME? | F16: #NAME? | G16: #NAME? | H16: #NAME? | I16: #NAME? | J16: #NAME? | K16: #NAME? | L16: #NAME? | M16: #NAME? | N16: #NAME? | O16: #NAME? | P16: #NAME? | Q16: #NAME? | R16: #NAME? | S16: #NAME? | T16: #NAME? | U16: #NAME? | V16: #NAME? | W16: #NAME? | X16: #NAME? | Y16: #NAME? | Z16: #NAME? | AA16: #NAME? | AB16: #NAME? | AC16: #NAME? | AD16: #NAME? | AE16: #NAME? | AF16: #NAME? | AG16: #NAME? | AH16: #NAME? | AI16: #NAME? | AJ16: #NAME? | AK16: #NAME? | AL16: #NAME? | AM16: #NAME? | AN16: #NAME? | AO16: #NAME? | AP16: #NAME? | AQ16: #NAME? | AR16: #NAME? | AS16: #NAME? | AT16: #NAME? | AU16: #NAME? | AV16: #NAME?
A17: 02/28/2025 | B17: #NAME? | C17: #NAME? | D17: #NAME? | E17: #NAME? | F17: #NAME? | G17: #NAME? | H17: #NAME? | I17: #NAME? | J17: #NAME? | K17: #NAME? | L17: #NAME? | M17: #NAME? | N17: #NAME? | O17: #NAME? | P17: #NAME? | Q17: #NAME? | R17: #NAME? | S17: #NAME? | T17: #NAME? | U17: #NAME? | V17: #NAME? | W17: #NAME? | X17: #NAME? | Y17: #NAME? | Z17: #NAME? | AA17: #NAME? | AB17: #NAME? | AC17: #NAME? | AD17: #NAME? | AE17: #NAME? | AF17: #NAME? | AG17: #NAME? | AH17: #NAME? | AI17: #NAME? | AJ17: #NAME? | AK17: #NAME? | AL17: #NAME? | AM17: #NAME? | AN17: #NAME? | AO17: #NAME? | AP17: #NAME? | AQ17: #NAME? | AR17: #NAME? | AS17: #NAME? | AT17: #NAME? | AU17: #NAME? | AV17: #NAME?
... A318: 01/31/2000 | B318: #NAME? | C318: #NAME? | D318: #NAME? | E318: #NAME? | F318: #NAME? | G318: #NAME? | H318: #NAME? | I318: #NAME? | J318: #NAME? | K318: #NAME? | L318: #NAME? | M318: #NAME? | N318: #NAME? | O318: #NAME? | P318: #NAME? | Q318: #NAME? | R318: #NAME? | S318: #NAME? | T318: #NAME? | U318: #NAME? | V318: #NAME? | W318: #NAME? | X318: #NAME? | Y318: #NAME? | Z318: #NAME? | AA318: #NAME? | AB318: #NAME? | AC318: #NAME? | AD318: #NAME? | AE318: #NAME? | AF318: #NAME? | AG318: #NAME? | AH318: #NAME? | AI318: #NAME? | AJ318: #NAME? | AK318: #NAME? | AL318: #NAME? | AM318: #NAME? | AN318: #NAME? | AO318: #NAME? | AP318: #NAME? | AQ318: #NAME? | AR318: #NAME? | AS318: #NAME? | AT318: #NAME? | AU318: #NAME? | AV318: #NAME?

Sheet Sheet7
A1: PER | B1: 미국 | C1: 일본 | D1: 영국 | E1: 프랑스 | F1: 캐나다 | G1: 스위스 | H1: 독일 | I1: 호주 | J1: 네덜란드 | K1: 스웨덴 | L1: 덴마크 | M1: 스페인 | N1: 이탈리아 | O1: 홍콩 | P1: 싱가포르 | Q1: 벨기에 | R1: 핀란드 | S1: 이스라엘 | T1: 노르웨이 | U1: 아일랜드 | V1: 뉴질랜드 | W1: 오스트리아 | X1: 포르투갈 | Y1: 중국 | Z1: 인도 | AA1: 대만 | AB1: 한국 | AC1: 브라질 | AD1: 사우디아라비아 | AE1: 남아프리카공화국 | AF1: 멕시코 | AG1: 인도네시아 | AH1: 말레이시아 | AI1: 아랍에미리트 | AJ1: 태국 | AK1: 쿠웨이트 | AL1: 카타르 | AM1: 폴란드 | AN1: 칠레 | AO1: 튀르키예 | AP1: 그리스 | AQ1: 필리핀 | AR1: 헝가리 | AS1: 이집트 | AT1: 체코 | AU1: 콜롬비아 | AV1: 페루
A2: 배수 (x) | B2: USA | C2: Japan | D2: UK | E2: France | F2: Canada | G2: Switzerland | H2: Germany | I2: Australia | J2: Netherlands | K2: Sweden | L2: Denmark | M2: Spain | N2: Italy | O2: Hong Kong | P2: Singapore | Q2: Belgium | R2: Finland | S2: Israel | T2: Norway | U2: Ireland | V2: New Zealand | W2: Austria | X2: Portugal | Y2: China | Z2: India | AA2: Taiwan | AB2: Korea | AC2: Brazil | AD2: Saudi Arabia | AE2: South Africa | AF2: Mexico | AG2: Indonesia | AH2: Malaysia | AI2: UAE | AJ2: Thailand | AK2: Kuwait | AL2: Qatar | AM2: Poland | AN2: Chile | AO2: Turkey | AP2: Greece | AQ2: Philippines | AR2: Hungary | AS2: Egypt | AT2: Czech Republic | AU2: Colombia | AV2: Peru
A3: Date | B3: 984000 | C3: 939200 | D3: 982600 | E3: 925000 | F3: 912400 | G3: 975600 | H3: 928000 | I3: 903600 | J3: 952800 | K3: 975200 | L3: 920800 | M3: 972400 | N3: 938000 | O3: 934400 | P3: 998100 | Q3: 905600 | R3: 924600 | S3: MS300400 | T3: 957800 | U3: 937200 | V3: 955400 | W3: 904000 | X3: 962000 | Y3: MS302400 | Z3: 935600 | AA3: 915800 | AB3: 941000 | AC3: 907600 | AD3: MS705405 | AE3: 971000 | AF3: 848400 | AG3: 105767 | AH3: 105768 | AI3: MS133717 | AJ3: 105769 | AK3: MS133713 | AL3: MS133715 | AM3: 961600 | AN3: 915200 | AO3: 979200 | AP3: 930000 | AQ3: 860800 | AR3: 934800 | AS3: 105766 | AT3: 920000 | AU3: 917000 | AV3: 960400
A4: 03/17/2026 | B4: 27.176 | C4: 20.445 | D4: 16.857 | E4: 20.12 | F4: 21.561 | G4: 20.446 | H4: 18.771 | I4: 21.634 | J4: 23.835 | K4: 18.129 | L4: 13.95 | M4: 14.546 | N4: 13.919 | O4: 19.271 | P4: 17.017 | Q4: 23.198 | R4: 19.309 | S4: 14.421 | T4: 14.092 | U4: 12.952 | V4: 47.795 | W4: 11.323 | X4: 23.718 | Y4: 14.358 | Z4: 25.364 | AA4: 27.533 | AB4: 23.728 | AC4: 12.202 | AD4: 16.216 | AE4: 16.928 | AF4: 16.871 | AG4: 16.062 | AH4: 16.112 | AI4: 10.719 | AJ4: 20.246 | AK4: 18.465 | AL4: 12.445 | AM4: 14.33 | AN4: 16.042 | AO4: 14.268 | AP4: 10.548 | AQ4: 12.191 | AR4: 9.713 | AS4: 7.314 | AT4: 16.474 | AU4: 9.964 | AV4: 20.836
A5: 02/27/2026 | B5: 27.176 | C5: 20.445 | D5: 16.857 | E5: 20.12 | F5: 21.561 | G5: 20.446 | H5: 18.771 | I5: 21.634 | J5: 23.835 | K5: 18.129 | L5: 13.95 | M5: 14.546 | N5: 13.919 | O5: 19.271 | P5: 17.017 | Q5: 23.198 | R5: 19.309 | S5: 14.421 | T5: 14.092 | U5: 12.952 | V5: 47.795 | W5: 11.323 | X5: 23.718 | Y5: 14.358 | Z5: 25.364 | AA5: 27.533 | AB5: 23.728 | AC5: 12.202 | AD5: 16.216 | AE5: 16.928 | AF5: 16.871 | AG5: 16.062 | AH5: 16.112 | AI5: 10.719 | AJ5: 20.246 | AK5: 18.465 | AL5: 12.445 | AM5: 14.33 | AN5: 16.042 | AO5: 14.268 | AP5: 10.548 | AQ5: 12.191 | AR5: 9.713 | AS5: 7.314 | AT5: 16.474 | AU5: 9.964 | AV5: 20.836
A6: 01/30/2026 | B6: 27.973 | C6: 18.566 | D6: 15.796 | E6: 18.688 | F6: 20.761 | G6: 19.3 | H6: 18.323 | I6: 20.738 | J6: 23.801 | K6: 20.452 | L6: 15.513 | M6: 14.164 | N6: 13.439 | O6: 18.753 | P6: 17.05 | Q6: 22.761 | R6: 18.923 | S6: 17.935 | T6: 13.173 | U6: 13.734 | V6: 45.283 | W6: 11.829 | X6: 22.554 | Y6: 15.445 | Z6: 25.387 | AA6: 25.718 | AB6: 20.952 | AC6: 11.8 | AD6: 17.442 | AE6: 15.557 | AF6: 15.862 | AG6: 16.569 | AH6: 16.395 | AI6: 10.81 | AJ6: 16.976 | AK6: 17.975 | AL6: 12.754 | AM6: 14.054 | AN6: 17.764 | AO6: 15.164 | AP6: 11.47 | AQ6: 11.605 | AR6: 9.938 | AS6: 7.251 | AT6: 17.018 | AU6: 11.088 | AV6: 19.649
A7: 12/31/2025 | B7: 27.807 | C7: 17.763 | D7: 15.555 | E7: 18.671 | F7: 20.843 | G7: 19.346 | H7: 18.532 | I7: 20.43 | J7: 21.042 | K7: 20.042 | L7: 14.458 | M7: 13.595 | N7: 13.182 | O7: 17.09 | P7: 16.622 | Q7: 21.534 | R7: 18.944 | S7: 17.02 | T7: 12.556 | U7: 13.758 | V7: 44.766 | W7: 11.137 | X7: 21.086 | Y7: 14.966 | Z7: 26.278 | AA7: 23.042 | AB7: 16.39 | AC7: 10.508 | AD7: 15.786 | AE7: 16.215 | AF7: 15.045 | AG7: 17.313 | AH7: 15.772 | AI7: 9.938 | AJ7: 15.954 | AK7: 18.613 | AL7: 12.156 | AM7: 13.307 | AN7: 16.392 | AO7: 12.115 | AP7: 10.226 | AQ7: 11.046 | AR7: 8.511 | AS7: 5.972 | AT7: 17.34 | AU7: 8.957 | AV7: 15.485
A8: 11/28/2025 | B8: 28.198 | C8: 17.643 | D8: 15.429 | E8: 19.007 | F8: 20.978 | G8: 18.68 | H8: 18.754 | I8: 20.093 | J8: 21.118 | K8: 19.784 | L8: 13.732 | M8: 12.967 | N8: 12.254 | O8: 17.235 | P8: 16.358 | Q8: 21.493 | R8: 18.781 | S8: 17.11 | T8: 11.337 | U8: 13.432 | V8: 83.489 | W8: 10.438 | X8: 21.398 | Y8: 14.654 | Z8: 26.874 | AA8: 21.715 | AB8: 15.373 | AC8: 10.174 | AD8: 15.808 | AE8: 15.238 | AF8: 15.144 | AG8: 17.668 | AH8: 15.015 | AI8: 9.414 | AJ8: 14.831 | AK8: 18.369 | AL8: 11.935 | AM8: 13.066 | AN8: 16.391 | AO8: 12.391 | AP8: 10.365 | AQ8: 11.298 | AR8: 8.324 | AS8: 7.02 | AT8: 17.642 | AU8: 9.814 | AV8: 14.446
A9: 10/31/2025 | B9: 28.986 | C9: 18.601 | D9: 15.324 | E9: 19.032 | F9: 20.747 | G9: 18.248 | H9: 19.438 | I9: 20.756 | J9: 21.316 | K9: 19.851 | L9: 13.298 | M9: 13.041 | N9: 12.429 | O9: 16.955 | P9: 16.734 | Q9: 20.605 | R9: 18.154 | S9: 17.151 | T9: 11.515 | U9: 12.343 | V9: 84.724 | W9: 12.15 | X9: 21.27 | Y9: 15.17 | Z9: 26.913 | AA9: 23.086 | AB9: 17.117 | AC9: 9.436 | AD9: 17.68 | AE9: 14.894 | AF9: 15.741 | AG9: 14.81 | AH9: 15.118 | AI9: 10.548 | AJ9: 15.374 | AK9: 18.936 | AL9: 12.259 | AM9: 13.126 | AN9: 14.796 | AO9: 14.06 | AP9: 9.943 | AQ9: 11.087 | AR9: 8.168 | AS9: 6.573 | AT9: 17.581 | AU9: 9.72 | AV9: 15.254
A10: 09/30/2025 | B10: 28.692 | C10: 17.268 | D10: 14.848 | E10: 18.566 | F10: 20.715 | G10: 17.995 | H10: 19.501 | I10: 20.669 | J10: 21.315 | K10: 20.965 | L10: 13.707 | M10: 12.627 | N10: 12.677 | O10: 17.054 | P10: 16.634 | Q10: 19.888 | R10: 16.619 | S10: 17.343 | T10: 11.925 | U10: 12.095 | V10: 83.252 | W10: 11.325 | X10: 20.035 | Y10: 15.8 | Z10: 25.618 | AA10: 20.838 | AB10: 13.735 | AC10: 9.275 | AD10: 17.521 | AE10: 14.907 | AF10: 15.758 | AG10: 14.178 | AH10: 15.197 | AI10: 10.105 | AJ10: 14.857 | AK10: 18.759 | AL10: 12.318 | AM10: 12.318 | AN10: 14.106 | AO10: 14.468 | AP10: 10.066 | AQ10: 10.958 | AR10: 7.417 | AS10: 6.3 | AT10: 17.592 | AU10: 9.052 | AV10: 15.242
A11: 08/29/2025 | B11: 27.871 | C11: 18.18 | D11: 14.122 | E11: 18.096 | F11: 20.497 | G11: 18.298 | H11: 19.507 | I11: 21.635 | J11: 19.134 | K11: 20.901 | L11: 14.161 | M11: 12.155 | N11: 11.681 | O11: 16.828 | P11: 16.61 | Q11: 18.388 | R11: 16.195 | S11: 16.812 | T11: 11.757 | U11: 11.601 | V11: 85.013 | W11: 11.198 | X11: 19.363 | Y11: 14.626 | Z11: 25.367 | AA11: 18.81 | AB11: 12.422 | AC11: 8.896 | AD11: 16.189 | AE11: 14.808 | AF11: 14.847 | AG11: 14.426 | AH11: 14.71 | AI11: 10.405 | AJ11: 15.812 | AK11: 18.097 | AL11: 12.555 | AM11: 12.097 | AN11: 14.108 | AO11: 14.391 | AP11: 9.729 | AQ11: 11.419 | AR11: 7.673 | AS11: 6.058 | AT11: 17.484 | AU11: 8.789 | AV11: 13.774
A12: 07/31/2025 | B12: 27.971 | C12: 16.679 | D12: 13.819 | E12: 17.641 | F12: 20.451 | G12: 17.931 | H12: 18.882 | I12: 20.554 | J12: 22.014 | K12: 20.196 | L12: 13.74 | M12: 11.462 | N12: 12.145 | O12: 16.897 | P12: 15.874 | Q12: 19.939 | R12: 15.678 | S12: 15.445 | T12: 11.384 | U12: 11.399 | V12: 101.734 | W12: 10.927 | X12: 21.884 | Y12: 14.007 | Z12: 25.763 | AA12: 19.159 | AB12: 12.388 | AC12: 9.52 | AD12: 16.967 | AE12: 15.076 | AF12: 15.588 | AG12: 13.272 | AH12: 13.934 | AI12: 11.261 | AJ12: 16.352 | AK12: 18.895 | AL12: 12.606 | AM12: 13.12 | AN12: 13.335 | AO12: 14.112 | AP12: 9.96 | AQ12: 11.605 | AR12: 7.314 | AS12: 5.873 | AT12: 16.714 | AU12: 7.992 | AV12: 13.551
A13: 06/30/2025 | B13: 27.534 | C13: 16.227 | D13: 13.194 | E13: 17.418 | F13: 20.156 | G13: 18.086 | H13: 18.751 | I13: 20.212 | J13: 23.369 | K13: 19.622 | L13: 16.052 | M13: 10.986 | N13: 11.731 | O13: 16.183 | P13: 15.31 | Q13: 19.337 | R13: 15.708 | S13: 16.158 | T13: 11.738 | U13: 12.228 | V13: 101.408 | W13: 10.215 | X13: 21.074 | Y13: 13.331 | Z13: 26.707 | AA13: 17.974 | AB13: 11.591 | AC13: 10.072 | AD13: 17.199 | AE13: 15.342 | AF13: 15.862 | AG13: 13.243 | AH13: 14.086 | AI13: 10.287 | AJ13: 14.316 | AK13: 19.447 | AL13: 11.948 | AM13: 12.605 | AN13: 13.461 | AO13: 13.101 | AP13: 9.163 | AQ13: 11.729 | AR13: 6.972 | AS13: 5.361 | AT13: 16.441 | AU13: 7.761 | AV13: 13.218
A14: 05/30/2025 | B14: 26.142 | C14: 15.964 | D14: 13.389 | E14: 17.66 | F14: 19.806 | G14: 18.484 | H14: 19.02 | I14: 19.832 | J14: 23.118 | K14: 19.249 | L14: 16.814 | M14: 11.088 | N14: 12.025 | O14: 15.327 | P14: 15.447 | Q14: 19.901 | R14: 15.309 | S14: 16.225 | T14: 11.366 | U14: 11.117 | V14: 309.75 | W14: 9.958 | X14: 20.315 | Y14: 12.858 | Z14: 26.461 | AA14: 16.903 | AB14: 10.027 | AC14: 9.82 | AD14: 16.647 | AE14: 14.721 | AF14: 15.808 | AG14: 14.114 | AH14: 14.043 | AI14: 9.34 | AJ14: 15.093 | AK14: 18.349 | AL14: 11.64 | AM14: 12.362 | AN14: 16.317 | AO14: 11.306 | AP14: 9.047 | AQ14: 11.794 | AR14: 7.028 | AS14: 5.374 | AT14: 16.294 | AU14: 7.345 | AV14: 12.689
A15: 04/30/2025 | B15: 24.918 | C15: 13.867 | D15: 13.112 | E15: 17.457 | F15: 19.607 | G15: 18.204 | H15: 16.74 | I15: 19.241 | J15: 21.074 | K15: 17.083 | L15: 16.612 | M15: 10.536 | N15: 10.741 | O15: 14.189 | P15: 14.997 | Q15: 19.666 | R15: 13.725 | S15: 15.509 | T15: 11.593 | U15: 10.169 | V15: 300.373 | W15: 8.315 | X15: 21.605 | Y15: 12.797 | Z15: 26.161 | AA15: 16.347 | AB15: 10.428 | AC15: 10.373 | AD15: 18.015 | AE15: 14.493 | AF15: 15.858 | AG15: 12.918 | AH15: 14.29 | AI15: 9.892 | AJ15: 16.23 | AK15: 16.376 | AL15: 11.457 | AM15: 12.475 | AN15: 17.172 | AO15: 10.697 | AP15: 7.989 | AQ15: 11.867 | AR15: 6.674 | AS15: 5.683 | AT15: 15.824 | AU15: 7.703 | AV15: 13.099
... A131: 08/31/2015 | B131: 19.574 | C131: 16.081 | D131: 15.45 | E131: 22.306 | F131: 19.404 | G131: 19.631 | H131: 16.398 | I131: 14.186 | J131: 22.107 | K131: 13.779 | L131: 22.874 | M131: 15.613 | N131: 23.775 | O131: 11.255 | P131: 12.022 | Q131: 17.915 | R131: 18.632 | S131: 17.071 | T131: 10.49 | U131: 26.088 | V131: 20.137 | W131: 29.022 | X131: 17.073 | Y131: 9.577 | Z131: 22.759 | AA131: 11.64 | AB131: 10.983 | AC131: 15.631 | AD131: 14.155 | AE131: 17.66 | AF131: 27.282 | AG131: 15.36 | AH131: 15.874 | AI131: 12.865 | AJ131: 15.498 | AK131: 14.404 | AL131: 12.825 | AM131: 12.598 | AN131: 20.27 | AO131: 9.754 | AP131: -9.186 | AQ131: 19.951 | AR131: 22.786 | AS131: 25.612 | AT131: 14.936 | AU131: 19.582 | AV131: 13.153
A132: 07/31/2015 | B132: 20.628 | C132: 18.623 | D132: 16.41 | E132: 24.247 | F132: 19.377 | G132: 20.604 | H132: 18.394 | I132: 15.702 | J132: 23.472 | K132: 15.13 | L132: 27.129 | M132: 17.85 | N132: 24.88 | O132: 12.943 | P132: 13.359 | Q132: 20.985 | R132: 19.684 | S132: 18.343 | T132: 11.707 | U132: 27.171 | V132: 20.325 | W132: -880.955 | X132: 19.069 | Y132: 10.571 | Z132: 23.954 | AA132: 12.391 | AB132: 11.538 | AC132: 18.028 | AD132: #N/A | AE132: 18.292 | AF132: 28.458 | AG132: 15.666 | AH132: 16.99 | AI132: 14.714 | AJ132: 16.614 | AK132: 16.047 | AL132: 13.14 | AM132: 13.948 | AN132: 20.973 | AO132: 10.518 | AP132: -14.336 | AQ132: 21.367 | AR132: 24.21 | AS132: 29.032 | AT132: 15.822 | AU132: 21.374 | AV132: 15.282
A133: 06/30/2015 | B133: 20.294 | C133: 18.328 | D133: 16.101 | E133: 23.066 | F133: 19.566 | G133: 19.394 | H133: 17.758 | I133: 15.237 | J133: 22.236 | K133: 14.512 | L133: 25.337 | M133: 17.159 | N133: 23.707 | O133: 13.163 | P133: 13.929 | Q133: 20.48 | R133: 18.796 | S133: 16.241 | T133: 11.86 | U133: 25.734 | V133: 19.64 | W133: -849.163 | X133: 18.928 | Y133: 11.976 | Z133: 23.483 | AA133: 13.227 | AB133: 11.902 | AC133: 16.632 | AD133: #N/A | AE133: 18.867 | AF133: 28.676 | AG133: 16.201 | AH133: 16.787 | AI133: 14.47 | AJ133: 17.252 | AK133: 16.18 | AL133: 13.933 | AM133: 14.486 | AN133: 21.152 | AO133: 10.836 | AP133: -14.336 | AQ133: 21.388 | AR133: 23.45 | AS133: 28.699 | AT133: 15.288 | AU133: 21.594 | AV133: 16.673
A134: 05/29/2015 | B134: 20.698 | C134: 19.154 | D134: 16.72 | E134: 24.278 | F134: 20.463 | G134: 20.164 | H134: 18.891 | I134: 15.905 | J134: 23.154 | K134: 16.651 | L134: 27.089 | M134: 18.875 | N134: 25.909 | O134: 12.615 | P134: 14.07 | Q134: 21.494 | R134: 20.572 | S134: 16.028 | T134: 10.08 | U134: 25.719 | V134: 20.647 | W134: 188.372 | X134: 21.262 | Y134: 12.657 | Z134: 19.826 | AA134: 14.65 | AB134: 12.3 | AC134: 16.554 | AD134: #N/A | AE134: 18.417 | AF134: 28.786 | AG134: 17.224 | AH134: 16.747 | AI134: 14.203 | AJ134: 17.327 | AK134: 15.313 | AL134: 12.416 | AM134: 15.358 | AN134: 21.449 | AO134: 11.055 | AP134: -12.578 | AQ134: 21.388 | AR134: 23.438 | AS134: 24.275 | AT134: 15.2 | AU134: 20.085 | AV134: 17.897
A135: 04/30/2015 | B135: 20.081 | C135: 17.926 | D135: 16.569 | E135: 24.511 | F135: 18.861 | G135: 19.901 | H135: 19.46 | I135: 16.444 | J135: 22.592 | K135: 16.785 | L135: 28.444 | M135: 19.173 | N135: 24.657 | O135: 15.407 | P135: 14.518 | Q135: 21.438 | R135: 20.472 | S135: 16.119 | T135: 10.388 | U135: 25.12 | V135: 20.713 | W135: 583.322 | X135: 22.263 | Y135: 13.187 | Z135: 19.196 | AA135: 14.661 | AB135: 12.607 | AC135: 15.21 | AD135: #N/A | AE135: 19.944 | AF135: 28.444 | AG135: 16.153 | AH135: 17.365 | AI135: 15.011 | AJ135: 17.469 | AK135: 16.634 | AL135: 14.122 | AM135: 16.606 | AN135: 21.344 | AO135: 11.228 | AP135: -12.293 | AQ135: 21.897 | AR135: 24.149 | AS135: 24.461 | AT135: 15.527 | AU135: 19.041 | AV135: 19.184
A136: 03/31/2015 | B136: 19.967 | C136: 17.328 | D136: 16.056 | E136: 23.977 | F136: 18.787 | G136: 19.842 | H136: 20.906 | I136: 16.612 | J136: 23.09 | K136: 17.232 | L136: 27.975 | M136: 19.317 | N136: 29.091 | O136: 13.802 | P136: 14.181 | Q136: 21.28 | R136: 22.08 | S136: 16.627 | T136: 10.073 | U136: 24.623 | V136: 20.727 | W136: -150.116 | X136: 20.975 | Y136: 11.111 | Z136: 20.108 | AA136: 15.014 | AB136: 11.618 | AC136: 14.182 | AD136: #N/A | AE136: 19.279 | AF136: 27.916 | AG136: 18.481 | AH136: 17.377 | AI136: 12.776 | AJ136: 17.364 | AK136: 15.959 | AL136: 13.887 | AM136: 15.033 | AN136: 20.665 | AO136: 11.09 | AP136: -33.149 | AQ136: 23.109 | AR136: 20.646 | AS136: 25.142 | AT136: 15.559 | AU136: 17.32 | AV136: 17.503
A137: 02/27/2015 | B137: 19.586 | C137: 17.161 | D137: 14.924 | E137: 20.987 | F137: 18.81 | G137: 19.863 | H137: 18.26 | I137: 16.428 | J137: 22.773 | K137: 17.287 | L137: 24.547 | M137: 21.18 | N137: 32.299 | O137: 15.212 | P137: 13.575 | Q137: 22.974 | R137: 21.313 | S137: 14.766 | T137: 11.065 | U137: 315.925 | V137: 19.806 | W137: 224.897 | X137: 21.213 | Y137: 10.901 | Z137: 20.185 | AA137: 15.876 | AB137: 11.546 | AC137: 15.229 | AD137: #N/A | AE137: 20.061 | AF137: 26.194 | AG137: 17.657 | AH137: 16.462 | AI137: 14.561 | AJ137: 15.311 | AK137: 18.04 | AL137: 15.591 | AM137: 15.264 | AN137: 20.754 | AO137: 12.177 | AP137: -27.732 | AQ137: 22.596 | AR137: 15.458 | AS137: 30.476 | AT137: 14.763 | AU137: 16.001 | AV137: 20.323
A138: 01/30/2015 | B138: 18.678 | C138: 16.122 | D138: 14.502 | E138: 19.805 | F138: 18.113 | G138: 18.347 | H138: 17.104 | I138: 15.505 | J138: 21.01 | K138: 16.018 | L138: 22.358 | M138: 19.657 | N138: 29.302 | O138: 15.294 | P138: 13.501 | Q138: 21.988 | R138: 18.364 | S138: 15.789 | T138: 10.712 | U138: 264.188 | V138: 19.792 | W138: 192.083 | X138: 22.174 | Y138: 10.53 | Z138: 19.865 | AA138: 15.364 | AB138: 11.455 | AC138: 14.162 | AD138: #N/A | AE138: 19.828 | AF138: 23.032 | AG138: 16.938 | AH138: 16.271 | AI138: 13.706 | AJ138: 15.455 | AK138: 17.176 | AL138: 15.063 | AM138: 15.038 | AN138: 19.576 | AO138: 13.024 | AP138: -23.009 | AQ138: 22.462 | AR138: 13.859 | AS138: 35.62 | AT138: 13.939 | AU138: 16.193 | AV138: 19.896
A139: 12/31/2014 | B139: 19.23 | C139: 16.108 | D139: 14.401 | E139: 18.589 | F139: 18.918 | G139: 18.981 | H139: 15.616 | I139: 15.229 | J139: 19.614 | K139: 14.828 | L139: 20.719 | M139: 19.782 | N139: 27.582 | O139: 14.494 | P139: 13.549 | Q139: 20.465 | R139: 16.94 | S139: 16.188 | T139: 10.337 | U139: 256.325 | V139: 18.883 | W139: 133.805 | X139: 20.875 | Y139: 10.231 | Z139: 18.768 | AA139: 15.246 | AB139: 11.216 | AC139: 15.019 | AD139: #N/A | AE139: 18.87 | AF139: 24.218 | AG139: 16.79 | AH139: 16.125 | AI139: 14.53 | AJ139: 15.032 | AK139: 16.96 | AL139: 15.839 | AM139: 14.953 | AN139: 19.398 | AO139: 12.891 | AP139: -30.422 | AQ139: 21.297 | AR139: 14.074 | AS139: 30.032 | AT139: 13.905 | AU139: 17.608 | AV139: 21.065
